"Product","Submission"
"Semglee 100u/ml inj sol pep 5x3ml",2020-06-24
"Skyrizi 75mg inj sol 2x0,83ml",2020-06-09
"Nalgesin 550mg film-coated tablets 20",2020-06-09
"Nalgesin 550mg film-coated tablets 50",2020-06-09
"Valsacor 320mg film-coated tablets 84",2020-06-09
"Valsacor 80mg film-coated tablets 60",2020-06-09
"Valsacor 160mg film-coated tablets 60",2020-06-09
"Bavencio 20mg/ml inf cnc sol 1x10ml",2020-06-09
"Lorista h 50mg/12,5mg film-coated tablets 98",2020-06-09
"Lorista h 100mg/25mg film-coated tablets 98",2020-06-09
"Lorista h 100mg/12,5mg film-coated tablets 98",2020-06-09
"Cyramza 10mg/ml inf cnc sol 2x10ml",2020-06-08
"Grimodin 600mg film-coated tablets 60",2020-06-05
"Grimodin 300mg cps dur 60",2020-06-05
"Grimodin 400mg cps dur 60",2020-06-05
"Ezetimib teva 10mg tbl nob 90",2020-06-05
"Nubeqa 300mg film-coated tablets 112",2020-06-02
"Venclyxto 10mg film-coated tablets 14",2020-06-01
"Venclyxto 50mg film-coated tablets 7",2020-06-01
"Venclyxto 100mg film-coated tablets 7",2020-06-01
"Venclyxto 100mg film-coated tablets 14",2020-06-01
"Venclyxto 100mg film-coated tablets 112(4x28)",2020-06-01
"Ezetimibe glenmark 10mg tbl nob 90",2020-05-29
"Telmark 80 mg 80mg film-coated tablets 28",2020-05-29
"Telmark 80 mg 80mg film-coated tablets 98",2020-05-29
"Fortecortin 4 4mg tbl nob 30",2020-05-22
"Fortecortin 4mg tbl nob 30",2020-05-22
"Amarhyton 50mg cps pro 30",2020-05-18
"Amarhyton 100mg cps pro 30",2020-05-18
"Azacitidin mylan 25mg/ml inj plv sus 1x100mg",2020-05-15
"Tecentriq 1200mg inf cnc sol 1x20ml",2020-05-15
"Kisqali 200mg film-coated tablets 63 i",2020-05-11
"Ocrevus 300mg inf cnc sol 1x10ml",2020-05-07
"Invega 3mg tbl pro 30 i",2020-05-07
"Invega 3mg tbl pro 30",2020-05-07
"Invega 6mg tbl pro 49 iii",2020-05-07
"Invega 6mg tbl pro 49 i",2020-05-07
"Invega 9mg tbl pro 49 i",2020-05-07
"Invega 9mg tbl pro 49 iii",2020-05-07
"Remsima 100mg inf plv csl 5",2020-05-04
"Twicor 20mg/10mg film-coated tablets 30",2020-05-03
"Twicor 20mg/10mg film-coated tablets 90",2020-05-03
"Twicor 10mg/10mg film-coated tablets 30",2020-05-03
"Twicor 10mg/10mg film-coated tablets 90",2020-05-03
"Xeljanz 11mg tbl pro 28",2020-04-29
"Xeljanz 11mg tbl pro 91",2020-04-29
"Dupixent 300mg inj sol 2x2ml i",2020-04-28
"Sertralin mylan 50mg film-coated tablets 30",2020-04-27
"Sertralin mylan 100mg film-coated tablets 30",2020-04-27
"Sertralin vale 50mg film-coated tablets 30",2020-04-27
"Sertralin vale 100mg film-coated tablets 30",2020-04-27
"Torvacard neo 30mg film-coated tablets 30",2020-04-23
"Torvacard neo 60mg film-coated tablets 30",2020-04-23
"Beovu 120mg/ml inj sol 1x0,165ml",2020-04-22
"Gnak 50mg/ml inf sol 10x1000ml",2020-04-20
"Keytruda 25mg/ml inf cnc sol 1x4ml",2020-04-17
"Saizen 5,83mg/ml inj sol 5x1,03ml",2020-04-17
"Saizen 8mg/ml inj sol 5x2,5ml",2020-04-17
"Saizen 8mg/ml inj sol 5x1,5ml",2020-04-17
"Saizen 5,83mg/ml inj sol zvl 5x1,03ml",2020-04-17
"Saizen 8mg/ml inj sol zvl 5x1,5ml",2020-04-17
"Saizen 8mg/ml inj sol zvl 5x2,5ml",2020-04-17
"Zomacton 10mg inj pso lqf 1x10mg+1x1ml",2020-04-17
"Zomacton 4mg inj pso lqf 5+5 amp",2020-04-17
"Perjeta 420mg inf cnc sol 1x14ml",2020-04-16
"Atoris 10mg film-coated tablets 30",2020-04-14
"Atoris 20mg film-coated tablets 30",2020-04-14
"Atoris 40mg film-coated tablets 30",2020-04-14
"Atoris 30mg film-coated tablets 30",2020-04-14
"Atoris 60mg film-coated tablets 30",2020-04-14
"Atoris 80mg film-coated tablets 30",2020-04-14
"Lixiana 30mg film-coated tablets 30",2020-04-14
"Lixiana 30mg film-coated tablets 100",2020-04-14
"Lixiana 60mg film-coated tablets 30",2020-04-14
"Lixiana 60mg film-coated tablets 100",2020-04-14
"Mekinist 0,5mg film-coated tablets 30",2020-04-09
"Mekinist 2mg film-coated tablets 30",2020-04-09
"Hemlibra 30mg/ml inj sol 1x1ml",2020-04-09
"Hemlibra 150mg/ml inj sol 1x0,4ml",2020-04-09
"Hemlibra 150mg/ml inj sol 1x0,7ml",2020-04-09
"Hemlibra 150mg/ml inj sol 1x1ml",2020-04-09
"Tafinlar 50mg cps dur 120",2020-04-09
"Tafinlar 75mg cps dur 28",2020-04-09
"Tafinlar 75mg cps dur 120",2020-04-09
"Darzalex 20mg/ml inf cnc sol 1x5ml",2020-04-08
"Darzalex 20mg/ml inf cnc sol 1x20ml",2020-04-08
"Mabthera 1600mg inj sol 1x13,4ml",2020-04-08
"Imatinib mylan 400 mg 400mg film-coated tablets 30",2020-04-08
"Imatinib mylan 400mg film-coated tablets 30",2020-04-08
"Meaxin 400mg film-coated tablets 30 ii",2020-04-08
"Meaxin 400mg film-coated tablets 30 i",2020-04-08
"Imatinib glenmark 100mg film-coated tablets 60",2020-04-08
"Imatinib glenmark 400mg film-coated tablets 30",2020-04-08
"Latib 100 mg 100mg cps dur 60",2020-04-08
"Latib 400 mg 400mg cps dur 30",2020-04-08
"Temozolomide accord 20mg cps dur 5",2020-04-08
"Temozolomide accord 100mg cps dur 5",2020-04-08
"Temozolomide accord 140mg cps dur 5",2020-04-08
"Temozolomide accord 180mg cps dur 5",2020-04-08
"Temozolomide accord 250mg cps dur 5",2020-04-08
"Salofalk 4g rct sus 7x60g",2020-04-07
"Bavencio 20mg/ml inf cnc sol 1x10ml",2020-04-05
"Klabax 500mg film-coated tablets 14",2020-04-02
"Opdivo 10mg/ml inf cnc sol 1x4ml",2020-03-31
"Opdivo 10mg/ml inf cnc sol 1x10ml",2020-03-31
"Bosentan ebewe 125mg film-coated tablets 56",2020-03-31
"Bosentan welding 125 mg 125mg film-coated tablets 56",2020-03-31
"Bosentan pharmascience international 125 mg potahované tablety 125mg film-coated tablets 56x1",2020-03-31
"Bosentan avmc 125mg film-coated tablets 56x1",2020-03-31
"Empliciti 300mg inf plv csl 1",2020-03-31
"Empliciti 400mg inf plv csl 1",2020-03-31
"Kanuma 2mg/ml inf cnc sol 1x10ml",2020-03-31
"Mavenclad 10mg tbl nob 1",2020-03-30
"Mavenclad 10mg tbl nob 4",2020-03-30
"Mavenclad 10mg tbl nob 6",2020-03-30
"Adcetris 50mg inf plv csl 1",2020-03-30
"Lacosamide glenmark 50mg film-coated tablets 14",2020-03-29
"Lacosamide glenmark 100mg film-coated tablets 56",2020-03-29
"Lacosamide glenmark 150mg film-coated tablets 56",2020-03-29
"Lacosamide glenmark 200mg film-coated tablets 56",2020-03-29
"Lacosamide accord 50mg film-coated tablets 14",2020-03-29
"Lacosamide accord 100mg film-coated tablets 56",2020-03-29
"Lacosamide accord 150mg film-coated tablets 56",2020-03-29
"Lacosamide accord 200mg film-coated tablets 56",2020-03-29
"Midza 50mg film-coated tablets 14",2020-03-29
"Midza 100mg film-coated tablets 56",2020-03-29
"Midza 150mg film-coated tablets 56",2020-03-29
"Midza 200mg film-coated tablets 56",2020-03-29
"Kanilad 50mg film-coated tablets 14",2020-03-28
"Kanilad 100mg film-coated tablets 56",2020-03-28
"Kanilad 150mg film-coated tablets 56",2020-03-28
"Kanilad 200mg film-coated tablets 56",2020-03-28
"Trelema 50mg film-coated tablets 14 ii",2020-03-28
"Trelema 100mg film-coated tablets 56 ii",2020-03-28
"Trelema 150mg film-coated tablets 56 ii",2020-03-28
"Trelema 200mg film-coated tablets 56 ii",2020-03-28
"Vimpat 10mg/ml sir 1x200ml",2020-03-27
"Arkvimma 50mg film-coated tablets 14",2020-03-27
"Arkvimma 50mg film-coated tablets 56",2020-03-27
"Arkvimma 100mg film-coated tablets 56",2020-03-27
"Arkvimma 150mg film-coated tablets 56",2020-03-27
"Arkvimma 200mg film-coated tablets 56",2020-03-27
"Tecentriq 1200mg inf cnc sol 1x20ml",2020-03-26
"Esbriet 267mg film-coated tablets 252(84x3) ii",2020-03-26
"Ibalgin 600mg film-coated tablets 30",2020-03-26
"Zoletorv 10mg/10mg film-coated tablets 30",2020-03-23
"Zoletorv 10mg/20mg film-coated tablets 30",2020-03-23
"Zoletorv 10mg/20mg film-coated tablets 30x1",2020-03-23
"Zoletorv 10mg/20mg film-coated tablets 100",2020-03-23
"Zoletorv 10mg/40mg film-coated tablets 30",2020-03-23
"Zoletorv 10mg/40mg film-coated tablets 30x1",2020-03-23
"Zoletorv 10mg/40mg film-coated tablets 100",2020-03-23
"Atofab 10mg cps dur 28 i",2020-03-23
"Atofab 18mg cps dur 28 i",2020-03-23
"Atofab 25mg cps dur 28 i",2020-03-23
"Atofab 40mg cps dur 28 i",2020-03-23
"Atofab 60mg cps dur 28 i",2020-03-23
"Mayzent 2mg film-coated tablets 28",2020-03-23
"Tazip 4g/0,5g inf plv sol 10",2020-03-19
"Sterile water for injection fresenius 100% par lqf 10x500ml ii",2020-03-19
"Sterile water for injection fresenius 100% par lqf 20x250ml ii",2020-03-19
"Kadcyla 100mg inf plv csl 1",2020-03-18
"Kadcyla 160mg inf plv csl 1",2020-03-18
"Avastin 25mg/ml inf cnc sol 1x4ml",2020-03-18
"Avastin 25mg/ml inf cnc sol 1x16ml",2020-03-18
"Dexamethasone krka 8mg/2ml inj/inf sol 10x2ml",2020-03-13
"Baqsimi 3mg nas plv ads 1",2020-03-12
"Valsartan/hydrochlorothiazid aurovitas 80mg/12,5mg film-coated tablets 28",2020-03-11
"Valsartan/hydrochlorothiazid aurovitas 160mg/12,5mg film-coated tablets 28",2020-03-11
"Valsartan/hydrochlorothiazid aurovitas 160mg/25mg film-coated tablets 28",2020-03-11
"Valsartan/hydrochlorothiazid aurovitas 320mg/12,5mg film-coated tablets 28",2020-03-11
"Valsartan aurovitas 160mg film-coated tablets 28",2020-03-11
"Valsartan aurovitas 80mg film-coated tablets 28",2020-03-11
"Valsartan/hydrochlorothiazid aurovitas 80mg/12,5mg film-coated tablets 28",2020-03-11
"Valsartan/hydrochlorothiazid aurovitas 160mg/12,5mg film-coated tablets 28",2020-03-11
"Valsartan/hydrochlorothiazid aurovitas 160mg/25mg film-coated tablets 28",2020-03-11
"Valsartan/hydrochlorothiazid aurovitas 320mg/12,5mg film-coated tablets 28",2020-03-11
"Hulio 40mg inj sol 2x0,8ml",2020-03-03
"Revestive 5mg inj pso lqf 28+28x0,5ml isp",2020-03-02
"Revestive 1,25mg inj pso lqf 28+28x0,5ml isp",2020-03-02
"Adcetris 50mg inf plv csl 1",2020-02-28
"Opdivo 10mg/ml inf cnc sol 1x4ml",2020-02-28
"Opdivo 10mg/ml inf cnc sol 1x10ml",2020-02-28
"Egolanza 15mg film-coated tablets 28",2020-02-27
"Egolanza 20mg film-coated tablets 28",2020-02-27
"Prolutex 25 mg injekční roztok 25mg inj sol 7x1ml",2020-02-25
"Aqua pro injectione braun 100% par lqf 20x100ml pe",2020-02-25
"Aqua pro injectione braun 100% par lqf 10x250ml pe",2020-02-25
"Aqua pro injectione braun 100% par lqf 10x500ml pe",2020-02-25
"Aqua pro injectione braun 100% par lqf 10x1000ml pe",2020-02-25
"Aqua pro injectione braun 100% par lqf 20x10ml amp ldpe",2020-02-25
"Chlorid sodný 0,9% braun 9mg/ml inj sol 20x10ml i",2020-02-25
"Chlorid sodný 0,9% braun 9mg/ml inj sol 20x20ml i",2020-02-25
"Itulazax 12sq-bet por lyo 30",2020-02-24
"Itulazax 12sq-bet por lyo 90",2020-02-24
"Azacitidine accord 25mg/ml inj plv sus 1x100mg",2020-02-22
"Lannatam 0,4mg cps rdr 50",2020-02-20
"Aqua pro iniectione ardeapharma 100% par lqf 1x500ml",2020-02-19
"Aqua pro iniectione ardeapharma 100% par lqf 1x250ml",2020-02-19
"Tecentriq 1200mg inf cnc sol 1x20ml",2020-02-19
"Alfacalcidol cande 1mcg cps mol 30",2020-02-19
"Alfacalcidol cande 1mcg cps mol 90",2020-02-19
"Fulphila 6mg inj sol 1x0,6ml ii",2020-02-17
"Tedez 0,5mg/0,4mg cps dur 90",2020-02-15
"Aripiprazol glenmark 10mg tbl nob 56x1",2020-02-14
"Aripiprazol glenmark 15mg tbl nob 56x1",2020-02-14
"Febuxostat mylan 80mg film-coated tablets 28 kal i",2020-02-13
"Febuxostat msn 80mg film-coated tablets 28",2020-02-13
"Febuxostat krka 80mg film-coated tablets 28",2020-02-13
"Febul 80mg film-coated tablets 30 ii",2020-02-13
"Urikostad 80mg film-coated tablets 28",2020-02-13
"Urikostad 80mg film-coated tablets 84",2020-02-13
"Febuxostat universal farma 80mg film-coated tablets 28",2020-02-13
"Febuxostat zentiva 80mg film-coated tablets 28",2020-02-13
"Febuxostat aurovitas 80mg film-coated tablets 28 i",2020-02-13
"Febuxostat accord 80mg film-coated tablets 28",2020-02-13
"Febuxostat accord 80mg film-coated tablets 84",2020-02-13
"Febuxostat accord 120mg film-coated tablets 28",2020-02-13
"Febuxostat accord 120mg film-coated tablets 84",2020-02-13
"Urogerolan 80mg film-coated tablets 30 ii",2020-02-13
"Truxima 500mg inf cnc sol 1x50ml",2020-02-11
"Truxima 100mg inf cnc sol 2x10ml",2020-02-11
"Alfacalcidol cande 1mcg cps mol 30",2020-02-10
"Alfacalcidol cande 1mcg cps mol 90",2020-02-10
"Emgality 120mg inj sol 1x1ml",2020-02-04
"Rinvoq 15mg tbl pro 28 kal",2020-01-31
"Vyndaqel 20mg cps mol 30x1",2020-01-31
"Amelgen 400mg vag glb 15",2020-01-31
"Amelgen 400mg vag glb 45",2020-01-31
"Idacio 40mg inj sol 2x0,8ml",2020-01-31
"Revlimid 5mg cps dur 21",2020-01-30
"Revlimid 10mg cps dur 21",2020-01-30
"Revlimid 15mg cps dur 21",2020-01-30
"Revlimid 25mg cps dur 21",2020-01-30
"Libtayo 350mg inf cnc sol 1x7ml",2020-01-30
"Opdivo 10mg/ml inf cnc sol 1x4ml",2020-01-30
"Opdivo 10mg/ml inf cnc sol 1x10ml",2020-01-30
"Aubagio 14mg film-coated tablets 28",2020-01-29
"Trazimera 150mg inf plv csl 1",2020-01-27
"Herzuma 420mg inf plv csl 1",2020-01-27
"Emtricitabine/tenofovir disoproxil sandoz 200mg/245mg film-coated tablets 30",2020-01-27
"Emtricitabine/tenofovir disoproxil accordpharma 200mg/245mg film-coated tablets 30x1",2020-01-27
"Pradaxa 110mg cps dur 10x1 i",2020-01-27
"Pradaxa 110mg cps dur 30x1 i",2020-01-27
"Pradaxa 110mg cps dur 60x1 i",2020-01-27
"Pradaxa 150mg cps dur 60x1 i",2020-01-27
"Rydapt 25mg cps mol 112(4x28)",2020-01-27
"Dicuno 25mg film-coated tablets 100",2020-01-25
"Dicuno 50mg film-coated tablets 30",2020-01-25
"Nalgesin 550mg film-coated tablets 10",2020-01-25
"Nalgesin 550mg film-coated tablets 20",2020-01-25
"Nalgesin 550mg film-coated tablets 30",2020-01-25
"Epipen jr. 150mcg inj sol pep 2x0,3ml",2020-01-21
"Nplate 250mcg inj pso lqf 1+1x0,72ml isp",2020-01-14
"Rixathon 100mg inf cnc sol 2x10ml",2020-01-08
"Rixathon 500mg inf cnc sol 1x50ml",2020-01-08
"Bilamcar 8mg/10mg cps dur 28",2020-01-08
"Siranalen 150mg cps dur 112 ii",2019-12-29
"Siranalen 150mg cps dur 84 ii",2019-12-29
"Siranalen 75mg cps dur 84 ii",2019-12-29
"Siranalen 75mg cps dur 112 ii",2019-12-29
"Kartesada 75mg cps dur 70",2019-12-29
"Kartesada 150mg cps dur 70",2019-12-29
"Naxalgan 75mg cps dur 90",2019-12-29
"Naxalgan 75mg cps dur 56",2019-12-29
"Naxalgan 150mg cps dur 90",2019-12-29
"Naxalgan 150mg cps dur 56",2019-12-29
"Naxalgan 300mg cps dur 90",2019-12-29
"Naxalgan 300mg cps dur 56",2019-12-29
"Pragiola 75mg cps dur 90",2019-12-29
"Pragiola 150mg cps dur 90",2019-12-29
"Pregabalin mylan 75mg cps dur 100",2019-12-29
"Pregabalin mylan 150mg cps dur 100",2019-12-29
"Pregabalin mylan 300mg cps dur 100",2019-12-29
"Forxiga 5mg film-coated tablets 30x1",2019-12-20
"Forxiga 5mg film-coated tablets 90x1",2019-12-20
"Tysabri 300mg inf cnc sol 1x15ml",2019-12-20
"Halaven 0,44mg/ml inj sol 1x2ml",2019-12-20
"Humira 40mg inj sol 2x0,4ml",2019-12-19
"Humira 40mg inj sol 2x0,4ml i",2019-12-19
"Humira 20mg inj sol 2x0,2ml i",2019-12-19
"Humira 80mg inj sol 1x0,8ml i",2019-12-19
"Humira 80mg inj sol 1x0,8ml",2019-12-19
"Vitrakvi 20mg/ml por sol 100ml",2019-12-18
"Vitrakvi 25mg cps dur 56",2019-12-18
"Vitrakvi 100mg cps dur 56",2019-12-18
"Ultomiris 300mg inf cnc sol 1x30ml",2019-12-17
"Takhzyro 300mg inj sol 1x2ml+stř+2j",2019-12-16
"Tadalafil aop 20mg film-coated tablets 56",2019-12-16
"Flixabi 100mg inf plv csl 1",2019-12-16
"Benepali 50mg inj sol 4x0,98ml",2019-12-16
"Cablivi 10mg inj pso lqf 1+1x1ml isp+ad+j",2019-12-12
"Letrovena 2,5mg film-coated tablets 30",2019-12-08
"Gamunex 100mg/ml inf sol 1x200ml i",2019-12-08
"Gamunex 100mg/ml inf sol 1x50ml i",2019-12-08
"Gamunex 100mg/ml inf sol 1x100ml i",2019-12-08
"Gamunex 100mg/ml inf sol 1x10ml i",2019-12-08
"Nebivolol sandoz 5 mg 5mg tbl nob 14",2019-12-08
"Nebivolol sandoz 5 mg 5mg tbl nob 28",2019-12-08
"Xaleec 8mg tbl nob 30 i",2019-12-08
"Xaleec 16mg tbl nob 30 i",2019-12-08
"Perinalon 8mg tbl nob 30",2019-12-08
"Xaleec combi 8mg/12,5mg tbl nob 30",2019-12-08
"Xaleec combi 16mg/12,5mg tbl nob 30",2019-12-08
"Ibandronic acid sandoz 6 mg/6 ml 6mg/6ml inf cnc sol 1x6ml",2019-12-08
"Perinalon combi 4mg/1,25mg tbl nob 30 i",2019-12-08
"Volnostin 5mg film-coated tablets 28 i",2019-12-08
"Volnostin 5mg film-coated tablets 50 i",2019-12-08
"Escirdec neo 10mg film-coated tablets 28",2019-12-08
"Dretacen 500mg film-coated tablets 50",2019-12-08
"Dretacen 1000mg film-coated tablets 50",2019-12-08
"Piramil combi 5mg/5mg cps dur 30",2019-12-08
"Piramil combi 10mg/5mg cps dur 30",2019-12-08
"Piramil combi 5mg/10mg cps dur 30",2019-12-08
"Piramil combi 10mg/10mg cps dur 30",2019-12-08
"Telmisartan/hydrochlorothiazid sandoz 80mg/25mg film-coated tablets 100",2019-12-08
"Mommox 0,05mg/dáv nas spr sus 3x140dáv",2019-12-08
"Dyxal 5mg cps dur 30x1",2019-12-08
"Dyxal 20mg cps dur 30x1",2019-12-08
"Flukonazol sandoz 100mg cps dur 28",2019-12-08
"Fucicort lipid 20 mg/g + 1 mg/g 20mg/g+1mg/g crm 5g",2019-12-08
"Fucicort lipid 20 mg/g + 1 mg/g 20mg/g+1mg/g crm 30g",2019-12-08
"Fucicort lipid 20 mg/g + 1 mg/g 20mg/g+1mg/g crm 60g",2019-12-08
"Megamox 1 g 875mg/125mg film-coated tablets 14",2019-12-08
"Canri 20mg/ml inf cnc sol 1x2ml",2019-12-08
"Canri 20mg/ml inf cnc sol 1x5ml",2019-12-08
"Orfadin 2mg cps dur 60",2019-12-08
"Ganfort 0,3mg/ml+5mg/ml oph gtt sol 1x3ml",2019-12-08
"Lumigan 0,3mg/ml oph gtt sol 1x3ml",2019-12-08
"Alerpalux 1mg/ml oph gtt sol 3x5ml",2019-12-08
"Roxilip 10mg film-coated tablets 28",2019-12-08
"Vasopirin 100mg tbl ent 60",2019-12-08
"Emerade 150 mikrogramů 150mcg inj sol pep 2x0,15ml",2019-12-08
"Emerade 300 mikrogramů 300mcg inj sol pep 2x0,3ml",2019-12-08
"Emerade 500 mikrogramů 500mcg inj sol pep 2x0,5ml",2019-12-08
"Relistor 12mg/0,6ml inj sol 7x0,6ml+7stř",2019-12-08
"Taxotere 20mg/ml inf cnc sol 1x1ml",2019-12-07
"Taxotere 160mg/8ml inf cnc sol 1x8ml",2019-12-07
"Plexxo 25mg tbl nob 30",2019-12-07
"Plexxo 100mg tbl nob 30",2019-12-07
"Instanyl 100mcg/dáv nas spr sol 1x1,8ml/10dáv i",2019-12-07
"Instanyl 200mcg/dáv nas spr sol 1x1,8ml/10dáv i",2019-12-07
"Incresync 12,5mg/45mg film-coated tablets 28",2019-12-07
"Incresync 25mg/45mg film-coated tablets 28",2019-12-07
"Entecavir avmc 0,5mg film-coated tablets 30x1",2019-12-07
"Entecavir avmc 0,5mg film-coated tablets 30",2019-12-07
"Entecavir avmc 1mg film-coated tablets 30x1",2019-12-07
"Entecavir avmc 1mg film-coated tablets 30",2019-12-07
"Trental 400 400mg tbl pro 20",2019-12-07
"Fentanyl kalceks 0,05mg/ml inj sol 5x2ml",2019-12-07
"Fentanyl kalceks 0,05mg/ml inj sol 50x2ml",2019-12-07
"Fentanyl kalceks 0,05mg/ml inj sol 5x10ml",2019-12-07
"Fentanyl kalceks 0,05mg/ml inj sol 50x10ml",2019-12-07
"Tramadol kalceks 50mg/ml inj/inf sol 100x2ml h",2019-12-07
"Ardeaelytosol f 1/2 4,5g/l+25g/l inf sol 1x80ml",2019-12-07
"Ardeaelytosol f 1/2 4,5g/l+25g/l inf sol 1x500ml",2019-12-07
"Ardeaelytosol f 1/3 3g/l+33,33g/l inf sol 1x500ml",2019-12-07
"Ardeaelytosol rl 1/1 inf sol 1x500ml",2019-12-07
"Injectio trimecainii chlorati ardeapharma 0,5% inj sol 1x80ml",2019-12-07
"Injectio trimecainii chlorati ardeapharma 0,5% inj sol 1x250ml",2019-12-07
"Injectio trimecainii chlorati ardeapharma 1% inj sol 1x250ml",2019-12-07
"Ardeaosmosol ma 10% 100g/l inf sol 1x80ml",2019-12-07
"Ardeaelytosol h 1/1 inf sol 1x500ml",2019-12-07
"Ardeaelytosol f 1/2 4,5g/l+25g/l inf sol 1x250ml",2019-12-07
"Ardeaelytosol f 1/3 3g/l+33,33g/l inf sol 1x250ml",2019-12-07
"Ardeaelytosol rl 1/1 inf sol 1x250ml",2019-12-07
"Ardeaelytosol h 1/1 inf sol 1x250ml",2019-12-07
"Ardeaosmosol ma 10% 100g/l inf sol 1x200ml",2019-12-07
"Ardeaosmosol ma 20% 200g/l inf sol 1x200ml",2019-12-07
"Ardeaelytosol r 1/1 inf sol 1x250ml",2019-12-07
"Ardeaelytosol r 1/1 inf sol 1x500ml",2019-12-07
"Ardeaosmosol ma 20% 200g/l inf sol 1x100ml",2019-12-07
"Injectio procainii chlorati ardeapharma 0,2% inj sol 1x500ml",2019-12-07
"Injectio procainii chlorati ardeapharma 0,2% inj sol 1x200ml",2019-12-07
"Injectio procainii chlorati ardeapharma 0,5% inj sol 1x80ml",2019-12-07
"Ammonaps 500mg tbl nob 250",2019-12-07
"Ammonaps 940mg/g gra 1x532g",2019-12-07
"Mictonetten 5mg tbl obd 50",2019-12-07
"Mictonetten 5mg tbl obd 30",2019-12-07
"Gecrol 0,5mg cps dur 30",2019-12-07
"Rextol 5 mcg/ml 5mcg/ml inj sol 5x2ml",2019-12-07
"Doxorubicin medac 2mg/ml inf sol 1x5ml",2019-12-07
"Temomedac 5mg cps dur 5",2019-12-07
"Temomedac 180mg cps dur 5",2019-12-07
"Metoject 50mg/ml inj sol isp 1x0,60ml+j i",2019-12-07
"Metoject 50mg/ml inj sol isp 1x0,25ml+j i",2019-12-07
"Metoject 50mg/ml inj sol isp 1x0,35ml+j i",2019-12-07
"Metoject 50mg/ml inj sol isp 1x0,45ml+j i",2019-12-07
"Metoject 50mg/ml inj sol isp 1x0,55ml+j i",2019-12-07
"Zoledronic acid medac 4mg/5ml inf cnc sol 1x5ml",2019-12-07
"Oftan timolol 5mg/ml oph gtt sol 1x5ml",2019-12-07
"Benepali 25mg inj sol 4x0,51ml",2019-12-07
"Neupro 6mg/24h tdr emp 7x13,5mg",2019-12-06
"Neupro 8mg/24h tdr emp 7x18mg",2019-12-06
"Neupro 1mg/24h tdr emp 28x2,25mg",2019-12-06
"Neupro 3mg/24h tdr emp 7x6,75mg",2019-12-06
"Bimican 0,3mg/ml oph gtt sol 6x3ml",2019-12-06
"Levetiracetam ucb 100mg/ml por sol 1x300ml iii",2019-12-06
"Finard 5mg film-coated tablets 60",2019-12-06
"Javlor 25mg/ml inf cnc sol 1x2ml ii",2019-12-06
"Javlor 25mg/ml inf cnc sol 1x10ml ii",2019-12-06
"Clarelux 500mcg/g drm spm 100g",2019-12-06
"Xaloptic combi 0,05mg/ml+5mg/ml oph gtt sol 1x2,5ml",2019-12-06
"Rosi 10mg film-coated tablets 30",2019-12-06
"Rosi 20mg film-coated tablets 30",2019-12-06
"Rosi 40mg film-coated tablets 30",2019-12-06
"Tamayra 5 mg/5 mg 5mg/5mg cps dur 28",2019-12-06
"Tamayra 10 mg/5 mg 10mg/5mg cps dur 28",2019-12-06
"Candesartan/hydrochlorothiazide swyssi 8mg/12,5mg tbl nob 30",2019-12-06
"Candesartan/hydrochlorothiazide swyssi 16mg/12,5mg tbl nob 30",2019-12-06
"Ramil 5mg tbl nob 30",2019-12-06
"Ramil 10mg tbl nob 30",2019-12-06
"Irbesartan hydrochlorothiazide zentiva 300mg/12,5mg film-coated tablets 28",2019-12-06
"Irbesartan hydrochlorothiazide zentiva 150mg/12,5mg film-coated tablets 28",2019-12-06
"Irbesartan zentiva 300mg film-coated tablets 28",2019-12-06
"Irbesartan zentiva 150mg film-coated tablets 28",2019-12-06
"Mycomax 2mg/ml inf sol 1x100ml",2019-12-06
"Ofloxin 2mg/ml inf sol 100ml",2019-12-06
"Helicid 20 zentiva 20mg cps etd 28 ii",2019-12-06
"Helicid 20 zentiva 20mg cps etd 90 ii",2019-12-06
"Uroflow 1 mg 1mg film-coated tablets 56",2019-12-06
"Uroflow 2 mg 2mg film-coated tablets 28",2019-12-06
"Uroflow 2 mg 2mg film-coated tablets 56",2019-12-06
"Dolocodon 10mg tbl pro 30",2019-12-06
"Dolocodon 10mg tbl pro 60",2019-12-06
"Dolocodon 20mg tbl pro 30",2019-12-06
"Dolocodon 20mg tbl pro 60",2019-12-06
"Dolocodon 40mg tbl pro 30",2019-12-06
"Dolocodon 40mg tbl pro 60",2019-12-06
"Zevesin 10mg film-coated tablets 100",2019-12-06
"Stygapon 5mg film-coated tablets 28",2019-12-06
"Stygapon 10mg film-coated tablets 56",2019-12-06
"Stygapon 5mg por tbl dis 28",2019-12-06
"Stygapon 10mg por tbl dis 28",2019-12-06
"Stygapon 10mg por tbl dis 56",2019-12-06
"Stygapon 20mg por tbl dis 28",2019-12-06
"Helides 20mg cps etd 28",2019-12-06
"Helides 40mg cps etd 14",2019-12-06
"Zenmem 10mg por tbl dis 60",2019-12-06
"Zenmem 20mg por tbl dis 30",2019-12-06
"Zenmem 5mg+10mg+15mg+20mg por tbl dis 28(7+7+7+7)",2019-12-06
"Helicid 40 mg 40mg cps etd 28 i",2019-12-06
"Helicid 40 mg 40mg cps etd 28 ii",2019-12-06
"Helicid 40 mg 40mg cps etd 28(2x14) i",2019-12-06
"Torvacard neo 80mg film-coated tablets 90",2019-12-06
"Anopyrin 100mg tbl nob 100",2019-12-06
"Sofenacol 5mg film-coated tablets 100",2019-12-06
"Sofenacol 10mg film-coated tablets 100",2019-12-06
"Stimuloton 100mg film-coated tablets 28",2019-12-05
"Egistrozol 1mg film-coated tablets 50",2019-12-05
"Torvazin 10mg film-coated tablets 28",2019-12-05
"Torvazin 10mg film-coated tablets 98",2019-12-05
"Torvazin 20mg film-coated tablets 28",2019-12-05
"Torvazin 20mg film-coated tablets 98",2019-12-05
"Torvazin 40mg film-coated tablets 30",2019-12-05
"Torvazin 40mg film-coated tablets 98",2019-12-05
"Blessin plus h 80mg/12,5mg film-coated tablets 28",2019-12-05
"Blessin plus h 160mg/12,5mg film-coated tablets 28",2019-12-05
"Blessin plus h 160mg/25mg film-coated tablets 28",2019-12-05
"Egilok succ 50 mg 50mg tbl pro 100",2019-12-05
"Egilok succ 50 mg 50mg tbl pro 30",2019-12-05
"Egilok succ 25mg tbl pro 100",2019-12-05
"Egilok succ 25mg tbl pro 30",2019-12-05
"Egilok succ 100mg tbl pro 100",2019-12-05
"Egilok succ 100mg tbl pro 30",2019-12-05
"Holmevis 6mg/6ml inf cnc sol 1x6ml",2019-12-05
"Grimodin 300mg cps dur 100",2019-12-05
"Grimodin 400mg cps dur 100",2019-12-05
"Grimodin 600mg film-coated tablets 100",2019-12-05
"Etruzil 2,5mg film-coated tablets 56",2019-12-05
"Epiletam 750mg film-coated tablets 6x10",2019-12-05
"Coloxet 150mg film-coated tablets 60 ii",2019-12-05
"Coloxet 500mg film-coated tablets 120 ii",2019-12-05
"Telmisartan egis 40mg film-coated tablets 30",2019-12-05
"Noflux 10 mg enterosolventní tablety 10mg tbl ent 28",2019-12-05
"Noflux 20 mg enterosolventní tablety 20mg tbl ent 28",2019-12-05
"Telmisartan/hydrochlorothiazid egis 40mg/12,5mg tbl nob 28 i",2019-12-05
"Telmisartan/hydrochlorothiazid egis 40mg/12,5mg tbl nob 28 ii",2019-12-05
"Telmisartan/hydrochlorothiazid egis 80mg/12,5mg tbl nob 28 ii",2019-12-05
"Telmisartan/hydrochlorothiazid egis 80mg/25mg tbl nob 28 i",2019-12-05
"Telmisartan/hydrochlorothiazid egis 80mg/25mg tbl nob 28 ii",2019-12-05
"Ketilept prolong 300mg tbl pro 60",2019-12-05
"Flastin 150 mg potahované tablety 150mg film-coated tablets 1",2019-12-05
"Flastin 150 mg potahované tablety 150mg film-coated tablets 3",2019-12-05
"Explemed rapid 15mg por tbl dis 56",2019-12-05
"Sentacurin 10 mg potahované tablety 10mg film-coated tablets 30",2019-12-05
"Sentacurin 5 mg potahované tablety 5mg film-coated tablets 30",2019-12-05
"Raenom 5mg film-coated tablets 112",2019-12-05
"Raenom 7,5mg film-coated tablets 112",2019-12-05
"Rabakir 75mg cps dur 14",2019-12-05
"Rabakir 150mg cps dur 14",2019-12-05
"Polmatine 10 mg potahované tablety 10mg film-coated tablets 56",2019-12-05
"Polmatine 10 mg potahované tablety 10mg film-coated tablets 84",2019-12-05
"Omeprazol galmed 20mg cps etd 28",2019-12-05
"Omeprazol galmed 20mg cps etd 56",2019-12-05
"Omeprazol galmed 20mg cps etd 28 i",2019-12-05
"Omeprazol galmed 20mg cps etd 56 i",2019-12-05
"Omeprazol galmed 20mg cps etd 28 ii",2019-12-05
"Omeprazol galmed 20mg cps etd 56 ii",2019-12-05
"Convulex cr 500mg tbl pro 50 i",2019-12-05
"Convulex cr 300mg tbl pro 50 i",2019-12-05
"Depresinal 20mg film-coated tablets 30",2019-12-05
"Aedon 5 mg tablety dispergovatelné v ústech 5mg por tbl dis 30",2019-12-05
"Aedon 10 mg tablety dispergovatelné v ústech 10mg por tbl dis 30",2019-12-05
"Mitomycin c kyowa 10mg inj/inf plv sol 1",2019-12-05
"Mitomycin c kyowa 10mg inj/inf plv sol 5",2019-12-05
"Flebogamma dif 50mg/ml inf sol 1x400ml",2019-12-05
"Flebogamma dif 100mg/ml inf sol 1x50ml",2019-12-05
"Flebogamma dif 100mg/ml inf sol 1x100ml",2019-12-05
"Flebogamma dif 100mg/ml inf sol 1x200ml",2019-12-05
"Midazolam torrex 1 mg/ml 1mg/ml inj sol 10x2ml",2019-12-05
"Omeprazol olikla 40mg inf plv sol 5",2019-12-05
"Pantoprazol olikla 40mg inj plv sol 5",2019-12-05
"Aciclovir olikla 250mg inf plv sol 10",2019-12-05
"Medoclav 1000mg/200mg inj/inf plv sol 10",2019-12-05
"Endoxan 1g inj/inf plv sol 5x1",2019-12-05
"Telebrix 30 meglumine 0,3g/ml inj sol 1x30ml",2019-12-05
"Telebrix 30 meglumine 0,3g/ml inj sol 1x50ml",2019-12-05
"Optiray 300mg i/ml inj sol 10x100ml c",2019-12-05
"Anesia 10mg/ml inj/inf eml 1x50ml",2019-12-05
"Anesia 10mg/ml inj/inf eml 1x100ml",2019-12-05
"Anesia 10mg/ml inj/inf eml 10x50ml",2019-12-05
"Anesia 10mg/ml inj/inf eml 5x20ml",2019-12-05
"Anesia 20mg/ml inj/inf eml 1x50ml",2019-12-05
"Anesia 20mg/ml inj/inf eml 10x50ml",2019-12-05
"Suliqua 100u/ml+50mcg/ml inj sol 3x3ml",2019-12-04
"Suliqua 100u/ml+33mcg/ml inj sol 3x3ml",2019-12-04
"Lantus solostar 100u/ml inj sol 10x3ml",2019-12-04
"Apidra solostar 100u/ml inj sol pep 10x3ml",2019-12-04
"Apidra 100u/ml inj sol zvl 10x3ml",2019-12-04
"Toujeo 300u/ml inj sol 5x1,5ml",2019-12-04
"Muscoril cps 4mg cps dur 20",2019-12-04
"Cresemba 100mg cps dur 14",2019-12-03
"Enhancin 875mg/125mg film-coated tablets 14",2019-12-03
"Znobact 250mg film-coated tablets 10",2019-12-03
"Znobact 500mg film-coated tablets 10",2019-12-03
"Cresemba 200mg inf plv csl 1",2019-12-03
"Pelgraz 6mg inj sol 1x0,6ml",2019-12-02
"Levocetirizin dr.max 5mg film-coated tablets 28",2019-12-01
"Levocetirizin dr.max 5mg film-coated tablets 30",2019-12-01
"Levocetirizin dr.max 5mg film-coated tablets 50",2019-12-01
"Levocetirizin dr.max 5mg film-coated tablets 90",2019-12-01
"Ciplox 3mg/ml aur/oph gtt sol 1x5ml",2019-12-01
"Fexigra 180mg film-coated tablets 60",2019-12-01
"Calcium cholecalciferol béres 600 mg/400 iu potahované tablety 600mg/400iu film-coated tablets 30",2019-12-01
"Protelos 2g por gra sus 56",2019-12-01
"Prestance 5mg/5mg tbl nob 50",2019-12-01
"Prestance 5mg/5mg tbl nob 100(2x50)",2019-12-01
"Prestance 5mg/10mg tbl nob 50",2019-12-01
"Prestance 5mg/10mg tbl nob 100(2x50)",2019-12-01
"Prestance 10mg/5mg tbl nob 50",2019-12-01
"Prestance 10mg/5mg tbl nob 100(2x50)",2019-12-01
"Prestance 10mg/10mg tbl nob 50",2019-12-01
"Prestance 10mg/10mg tbl nob 100(2x50)",2019-12-01
"Diaprel mr 60mg tbl ret 30",2019-12-01
"Prestarium neo 5mg por tbl dis 30",2019-12-01
"Prestarium neo 5mg por tbl dis 90(3x30)",2019-12-01
"Prestarium neo forte 10mg por tbl dis 30",2019-12-01
"Lipertance 40mg/10mg/10mg film-coated tablets 90(3x30)",2019-12-01
"Lonsurf 15mg/6,14mg film-coated tablets 60",2019-12-01
"Lonsurf 20mg/8,19mg film-coated tablets 60",2019-12-01
"Lekoptin 2,5mg/ml inj sol 50x2ml",2019-12-01
"Klimicin 150mg/ml inj sol 10x4ml",2019-12-01
"Ortanol 20 mg 20mg cps etd 28",2019-12-01
"Edicin 0,5g inf plv sol 1",2019-12-01
"Edicin 1g inf plv sol 1",2019-12-01
"Ortanol 20 mg 20mg cps etd 100 i",2019-12-01
"Levetiracetam accord 750mg film-coated tablets 50",2019-12-01
"Levetiracetam accord 1000mg film-coated tablets 50",2019-12-01
"Repaglinide accord 0,5mg tbl nob 30",2019-12-01
"Repaglinide accord 1mg tbl nob 30",2019-12-01
"Repaglinide accord 2mg tbl nob 30",2019-12-01
"Caspofungin accord 50mg inf plv csl 1",2019-12-01
"Caspofungin accord 70mg inf plv csl 1",2019-12-01
"Imatinib accord 400mg film-coated tablets 90x1 i",2019-12-01
"Ivabradine accord 5mg film-coated tablets 112x1",2019-12-01
"Ivabradine accord 7,5mg film-coated tablets 112x1",2019-12-01
"Granpidam 20mg film-coated tablets 90x1",2019-12-01
"Hytrin 2mg tbl nob 28",2019-12-01
"Hytrin 5mg tbl nob 28",2019-12-01
"Gynovel 1mg/0,5mg tbl nob 28 kal ii",2019-12-01
"Znobact 250mg film-coated tablets 14",2019-12-01
"Znobact 500mg film-coated tablets 14",2019-12-01
"Adonep 5 mg potahované tablety 5mg film-coated tablets 28",2019-12-01
"Adonep 10 mg potahované tablety 10mg film-coated tablets 28",2019-12-01
"Adonep 10 mg potahované tablety 10mg film-coated tablets 98",2019-12-01
"Travoprost stada 40mcg/ml oph gtt sol 1x2,5ml",2019-12-01
"Memantin stada 10mg film-coated tablets 98",2019-12-01
"Imatinib stada 100mg film-coated tablets 60",2019-12-01
"Imatinib stada 400mg film-coated tablets 30",2019-12-01
"Bimatoprost stada 0,3mg/ml oph gtt sol 1x3ml",2019-12-01
"Pregabalin stada 150mg cps dur 14",2019-12-01
"Pregabalin stada 75mg cps dur 14",2019-12-01
"Imatinib stada 100mg cps dur 60",2019-12-01
"Imatinib stada 400mg cps dur 30",2019-12-01
"Metoprolol al 100mg tbl nob 100",2019-12-01
"Oilatum plus adt bal 500ml",2019-12-01
"Oilatum plus adt bal 150ml",2019-12-01
"Zahron 15mg film-coated tablets 98",2019-12-01
"Zahron 30mg film-coated tablets 98",2019-12-01
"Bortezomib adamed 3,5 mg prášek pro injekční roztok 3,5mg inj plv sol 1",2019-12-01
"Memabix 10mg por tbl dis 28",2019-12-01
"Candezek 16mg/10mg cps dur 90",2019-12-01
"Candezek 8mg/5mg cps dur 90",2019-12-01
"Candezek 16mg/5mg cps dur 90",2019-12-01
"Biseptol 400mg/80mg tbl nob 20",2019-12-01
"Soliflow 5mg film-coated tablets 30 i",2019-12-01
"Soliflow 10mg film-coated tablets 30 i",2019-12-01
"Cilozek 100mg tbl nob 60",2019-12-01
"Quetiapin xantis 200mg film-coated tablets 30 i",2019-11-30
"Quetiapin xantis 200mg film-coated tablets 30 ii",2019-11-30
"Quetiapin xantis 200mg film-coated tablets 60 ii",2019-11-30
"Quetiapin xantis 25mg film-coated tablets 30 ii",2019-11-30
"Quetiapin xantis 25mg film-coated tablets 60 i",2019-11-30
"Betaxolol xantis 20mg tbl nob 28",2019-11-30
"Betaxolol xantis 20mg tbl nob 98",2019-11-30
"Ialugen plus 0,5mg/g+10mg/g lig ipr 5",2019-11-30
"Sovaldi 400mg film-coated tablets 28",2019-11-30
"Epirubicin accord 2mg/ml inj/inf sol 1x100ml",2019-11-30
"Injexate 50mg/ml inj sol isp 12x0,2ml i",2019-11-30
"Injexate 50mg/ml inj sol isp 12x0,3ml i",2019-11-30
"Injexate 50mg/ml inj sol isp 1x0,6ml i",2019-11-30
"Injexate 50mg/ml inj sol isp 4x0,2ml i",2019-11-30
"Injexate 50mg/ml inj sol isp 4x0,25ml i",2019-11-30
"Injexate 50mg/ml inj sol isp 4x0,5ml i",2019-11-30
"Paricalcitol accord 5mcg/ml inj sol 5x2ml",2019-11-30
"Vinorelbine accord 10mg/ml inf cnc sol 1x1ml",2019-11-30
"Amlodipin accord 5mg tbl nob 100",2019-11-30
"Escitalopram accord 10mg film-coated tablets 28 ii",2019-11-30
"Escitalopram accord 10mg film-coated tablets 28 i",2019-11-30
"Escitalopram accord 10mg film-coated tablets 98 ii",2019-11-30
"Escitalopram accord 20mg film-coated tablets 28 ii",2019-11-30
"Linezolid  accord 600mg film-coated tablets 10",2019-11-30
"Mitomycin accord 20 mg prášek pro injekční/infuzní nebo intravez. rozt 20mg inj/inf/ivs plv sol 5",2019-11-30
"Cytarabine accord 100mg/ml inj/inf sol 1x1ml",2019-11-30
"Cytarabine accord 100mg/ml inj/inf sol 1x5ml",2019-11-30
"Cytarabine accord 100mg/ml inj/inf sol 5x1ml",2019-11-30
"Cytarabine accord 100mg/ml inj/inf sol 5x5ml",2019-11-30
"Cytarabine accord 100mg/ml inj/inf sol 1x40ml",2019-11-30
"Cytarabine accord 100mg/ml inj/inf sol 1x50ml",2019-11-30
"Etoposide accord 20mg/ml inf cnc sol 1x5ml",2019-11-30
"Fluorouracil accord 50mg/ml inj/inf sol 1x5ml",2019-11-30
"Fluorouracil accord 50mg/ml inj/inf sol 1x10ml",2019-11-30
"Pantoprazol accord 40mg inj plv sol 1",2019-11-30
"Sertraline accord 50mg film-coated tablets 100",2019-11-30
"Sertraline accord 100mg film-coated tablets 100",2019-11-30
"Scanlux 300 mg/ml 300mg/ml inj sol 10x50ml ii",2019-11-30
"Scanlux 300 mg/ml 300mg/ml inj sol 10x100ml ii",2019-11-30
"Scanlux 300 mg/ml 300mg/ml inj sol 10x200ml ii",2019-11-30
"Scanlux 370 mg/ml 370mg/ml inj sol 10x50ml ii",2019-11-30
"Scanlux 370 mg/ml 370mg/ml inj sol 10x100ml ii",2019-11-30
"Scanlux 370 mg/ml 370mg/ml inj sol 10x200ml ii",2019-11-30
"Emselex 7,5mg tbl pro 28 i",2019-11-30
"Emselex 7,5mg tbl pro 98 i",2019-11-30
"Emselex 15mg tbl pro 98 i",2019-11-30
"Emselex 15mg tbl pro 28 i",2019-11-30
"Emselex 15mg tbl pro 28 ii",2019-11-30
"Fortum 500 mg 500mg inj plv sol 1",2019-11-30
"Naramig 2,5 mg 2,5mg film-coated tablets 2 i",2019-11-30
"Augmentin 1 g 875mg/125mg film-coated tablets 14 i",2019-11-30
"Fycompa 10mg film-coated tablets 28",2019-11-30
"Fycompa 12mg film-coated tablets 28",2019-11-30
"Minirin melt 240mcg por lyo 30",2019-11-30
"Norprolac 25mcg+50mcg tbl nob 3+3",2019-11-30
"Fluconazole aurovitas 100mg cps dur 7",2019-11-29
"Lamotrigin aurovitas 25mg tbl nob 30",2019-11-29
"Lamotrigin aurovitas 100mg tbl nob 30",2019-11-29
"Alendronic acid aurovitas 70mg tbl nob 4",2019-11-29
"Gabapentin aurovitas 100mg cps dur 20",2019-11-29
"Gabapentin aurovitas 300mg cps dur 50",2019-11-29
"Gabapentin aurovitas 400mg cps dur 100",2019-11-29
"Corsim 10mg film-coated tablets 30",2019-11-29
"Corsim 40mg film-coated tablets 30",2019-11-29
"Corsim 40mg film-coated tablets 100",2019-11-29
"Loseprazol 20mg cps etd 28",2019-11-29
"Loseprazol 20mg cps etd 98",2019-11-29
"Amilia 400mg film-coated tablets 100",2019-11-29
"Itoprid pmcs 50mg film-coated tablets 100 i",2019-11-29
"Ursosan forte 500mg film-coated tablets 60",2019-11-29
"Miflonid 200 200mcg inh plv cps dur 120",2019-11-29
"Duotrav 40mcg/ml+5mg/ml oph gtt sol 1x2,5ml i",2019-11-29
"Glivec 100mg film-coated tablets 120 i",2019-11-29
"Hycamtin 0,25mg cps dur 10",2019-11-29
"Tafinlar 50mg cps dur 28",2019-11-29
"Izba 30mcg/ml oph gtt sol 1x2,5ml",2019-11-29
"Izba 30mcg/ml oph gtt sol 3x2,5ml",2019-11-29
"Entresto 49mg/51mg film-coated tablets 28",2019-11-29
"Zytiga 250mg tbl nob 120",2019-11-29
"Vokanamet 50mg/850mg film-coated tablets 60",2019-11-29
"Olanzapin teva 5mg por tbl dis 28",2019-11-29
"Olanzapin teva 10mg por tbl dis 28",2019-11-29
"Effentora 100mcg buc tbl nob 4",2019-11-29
"Effentora 200mcg buc tbl nob 4",2019-11-29
"Effentora 400mcg buc tbl nob 4",2019-11-29
"Effentora 600mcg buc tbl nob 4",2019-11-29
"Effentora 800mcg buc tbl nob 4",2019-11-29
"Lamivudin teva 100mg film-coated tablets 84",2019-11-29
"Docetaxel teva 20mg/0,72ml inf csl lqf 1x0,72ml+1x1,28ml",2019-11-29
"Docetaxel teva 80mg/2,88ml inf csl lqf 1x2,88ml+1x5,12ml",2019-11-29
"Ibandronic acid teva 50mg film-coated tablets 28",2019-11-29
"Levetiracetam teva 250mg film-coated tablets 50",2019-11-29
"Levetiracetam teva 500mg film-coated tablets 50",2019-11-29
"Levetiracetam teva 500mg film-coated tablets 100",2019-11-29
"Levetiracetam teva 1000mg film-coated tablets 50",2019-11-29
"Efavirenz teva 600mg film-coated tablets 30x1 i",2019-11-29
"Efavirenz teva 600mg film-coated tablets 30x1 ii",2019-11-29
"Efavirenz teva 600mg film-coated tablets 30 ii",2019-11-29
"Capecitabine teva 150mg film-coated tablets 60",2019-11-29
"Capecitabine teva 500mg film-coated tablets 120",2019-11-29
"Darunavir teva 800mg film-coated tablets 30 i",2019-11-29
"Pioglitazone teva 15mg tbl nob 28",2019-11-29
"Colobreathe 1662500iu inh plv cps dur 56(4x14)+1inh",2019-11-29
"Zoledronic acid teva 4mg/5ml inf cnc sol 1x5ml ii",2019-11-29
"Lonquex 6mg inj sol isp 1x0,6ml ii",2019-11-29
"Colobreathe 1662500iu inh plv cps dur 56(7x8)+1inh",2019-11-29
"Tevagrastim 30miu/0,5ml inj/inf sol 5x0,5ml ii",2019-11-29
"Omeprazol teva pharma 20mg cps etd 60",2019-11-29
"Solifenacin teva pharma 5mg film-coated tablets 30 i",2019-11-29
"Solifenacin teva pharma 10mg film-coated tablets 30 i",2019-11-29
"Alyostal prick 100ic/ml drm ptc sol 1x3ml ic",2019-11-29
"Phostal 0,01-10ir/ml inj sus 4x5ml ir",2019-11-29
"Phostal 10ir/ml inj sus 1x5ml ir",2019-11-29
"Staloral 0,1-100ir/ml slg sol 4x10ml ir",2019-11-29
"Staloral 100ir/ml slg sol 2x10ml ir ii",2019-11-29
"Staloral 0,1-100ic/ml slg sol 4x10ml ic",2019-11-29
"Staloral 100ic/ml slg sol 2x10ml ic ii",2019-11-29
"Lutrate depot 3,75mg inj plq sus pro 1+1x2ml isp",2019-11-29
"Mesulid 100mg tbl nob 15",2019-11-29
"Mesulid 100mg por gra sus 15 i",2019-11-29
"Vincristine teva 1 mg/ml 1mg/ml inj sol 1x5ml",2019-11-29
"Ivabradin teva 5mg film-coated tablets 56",2019-11-29
"Ivabradin teva 7,5mg film-coated tablets 56",2019-11-29
"Valganciclovir teva 450mg film-coated tablets 60",2019-11-29
"Docetaxel teva 20mg/ml inf cnc sol 1x1ml",2019-11-29
"Docetaxel teva 20mg/ml inf cnc sol 1x4ml",2019-11-29
"Copaxone 40mg/ml inj sol isp 3x1ml",2019-11-29
"Zoleptil 25 25mg tbl obd 30",2019-11-29
"Zoleptil 50 50mg tbl obd 30",2019-11-29
"Oxykodon teva 10mg tbl pro 30 ii",2019-11-29
"Oxykodon teva 20mg tbl pro 30 ii",2019-11-29
"Oxykodon teva 40mg tbl pro 30 ii",2019-11-29
"Oxykodon teva 80mg tbl pro 30 ii",2019-11-29
"Efavirenz/ emtricitabine/ tenofovir disoproxil teva 600mg/200mg/245mg film-coated tablets 30",2019-11-29
"Efavirenz/ emtricitabine/ tenofovir disoproxil teva 600mg/200mg/245mg film-coated tablets 30x1",2019-11-29
"Infalin duo 3mg/ml+0,25mg/ml aur gtt sol 10ml",2019-11-29
"Risperdal 1mg film-coated tablets 20",2019-11-29
"Wakix 4,5mg film-coated tablets 30",2019-11-28
"Wakix 18mg film-coated tablets 30",2019-11-28
"Helixate nexgen 1000iu inj pso lqf 1+1x2,5ml+set",2019-11-28
"Ventavis 10mcg/ml sol neb 30x2ml i",2019-11-28
"Helixate nexgen 2000iu inj pso lqf 1+1x5ml+set",2019-11-28
"Gadovist 1mmol/ml inj sol 1x30ml",2019-11-28
"Climen 2mg+2mg/1mg tbl obd 1x21",2019-11-28
"Betaferon 250mcg/ml inj pso lqf 12+12x1,2ml isp+ad tit",2019-11-28
"Matever 250mg film-coated tablets 50",2019-11-28
"Matever 500mg film-coated tablets 50",2019-11-28
"Matever 500mg film-coated tablets 100",2019-11-28
"Matever 1000mg film-coated tablets 50",2019-11-28
"Hyalgan 20 mg/2 ml 20mg/2ml inj sol 1x2ml",2019-11-28
"Palladone sr 24mg cps pro 30",2019-11-28
"Flutiform k-haler 50mcg/5mcg/dáv inh sus pss 3x120dáv",2019-11-28
"Flutiform k-haler 125mcg/5mcg/dáv inh sus pss 3x120dáv",2019-11-28
"Atorvastatin +pharma 20mg film-coated tablets 30",2019-11-28
"Setaloft 50mg film-coated tablets 30",2019-11-28
"Setaloft 100mg film-coated tablets 30",2019-11-28
"Hyplafin 5mg film-coated tablets 30 i",2019-11-28
"Duloxetin +pharma 30mg cps etd 10",2019-11-28
"Alimta 100mg inf plv csl 1",2019-11-28
"Strattera 60 mg 60mg cps dur 7",2019-11-28
"Bosentan abdi 62,5mg film-coated tablets 56",2019-11-28
"Linezolid mylan 600mg film-coated tablets 10 h",2019-11-28
"Quetiapin mylan 25mg film-coated tablets 60",2019-11-28
"Quetiapin mylan 200mg film-coated tablets 60",2019-11-28
"Quetiapin mylan 200mg film-coated tablets 100",2019-11-28
"Ibandronát mylan 150mg film-coated tablets 1",2019-11-28
"Akarboza mylan 100mg tbl nob 90",2019-11-28
"Vorikonazol mylan 200mg film-coated tablets 14x1",2019-11-28
"Ezetimib mylan 10mg tbl nob 30 ii",2019-11-28
"Ezetimib mylan 10mg tbl nob 98 ii",2019-11-28
"Atorvastatin mylan 20mg film-coated tablets 90",2019-11-28
"Capecitabine mylan 150mg film-coated tablets 60 i",2019-11-28
"Capecitabine mylan 500mg film-coated tablets 120 i",2019-11-28
"Imatinib mylan 100mg film-coated tablets 60",2019-11-28
"Imatinib mylan 400mg film-coated tablets 90",2019-11-28
"Lansoprazol mylan 30mg cps etd 84",2019-11-28
"Letmylan 2,5mg film-coated tablets 90",2019-11-28
"Tianeptin mylan 12,5 mg 12,5mg film-coated tablets 30 i",2019-11-28
"Tianeptin mylan 12,5 mg 12,5mg film-coated tablets 30 ii",2019-11-28
"Tianeptin mylan 12,5 mg 12,5mg film-coated tablets 90 i",2019-11-28
"Tianeptin mylan 12,5 mg 12,5mg film-coated tablets 90 ii",2019-11-28
"Escitalopram mylan 20 mg 20mg film-coated tablets 30",2019-11-28
"Alendrogen 70mg tbl nob 4",2019-11-28
"Alfuzosin mylan 10 mg 10mg tbl pro 30",2019-11-28
"Bosentan mylan 125mg film-coated tablets 56",2019-11-28
"Simvastatin mylan 20mg film-coated tablets 30 i",2019-11-28
"Simvastatin mylan 40mg film-coated tablets 100 i",2019-11-28
"Oxykodon mylan 10mg tbl pro 30x1",2019-11-28
"Amisulprid mylan 200mg tbl nob 30",2019-11-28
"Amisulprid mylan 50mg tbl nob 30",2019-11-28
"Amisulprid mylan 50mg tbl nob 90",2019-11-28
"Amisulprid mylan 400mg film-coated tablets 100",2019-11-28
"Lozap 50 zentiva 50mg film-coated tablets 30 i",2019-11-28
"Lozap 100 zentiva 100mg film-coated tablets 90 al",2019-11-28
"Amlodipin vitabalans 10 mg 10mg tbl nob 30",2019-11-28
"Braunovidon gáza s mastí 0,1g/g lig ipr 1x7,5cm",2019-11-27
"Braunovidon gáza s mastí 0,1g/g lig ipr 1x20cm",2019-11-27
"Braunovidon gáza s mastí 0,1g/g lig ipr 10x7,5cm",2019-11-27
"Braunovidon gáza s mastí 0,1g/g lig ipr 10x20cm",2019-11-27
"Gelofusine 40mg/ml+7,02mg/ml inf sol 1x500ml",2019-11-27
"Hydrogenuhličitan sodný 4,2%(w/v)-braun 42mg/ml inf sol 1x250ml",2019-11-27
"Takiprin 20 mg/ml injekční roztok 20mg/ml inj sol 10x5ml",2019-11-27
"Zavedos 10mg inj plv sol 1",2019-11-27
"Dalacin c 150mg/ml inj/inf sol 1x6ml",2019-11-27
"Medrol 32mg tbl nob 20",2019-11-27
"Diflucan 50mg cps dur 7 i",2019-11-27
"Diflucan 2mg/ml inf sol 1x100ml",2019-11-27
"Accuzide 10mg/12,5mg film-coated tablets 30",2019-11-27
"Neurontin 100mg cps dur 20",2019-11-27
"Celebrex 200mg cps dur 10 i",2019-11-27
"Cardura xl 4mg tbl pro 30 ii",2019-11-27
"Cardura xl 4mg tbl pro 100 ii",2019-11-27
"Campto 20mg/ml inf cnc sol 1x2ml ii",2019-11-27
"Campto 20mg/ml inf cnc sol 1x5ml ii",2019-11-27
"Campto 20mg/ml inf cnc sol 1x15ml ii",2019-11-27
"Nivestim 48mu/0,5ml inj/inf sol 5x0,5ml",2019-11-27
"Topotecan hospira 4mg/4ml inf cnc sol 5x4ml",2019-11-27
"Revatio 10mg/ml por plv sus 1x112ml",2019-11-27
"Vfend 200mg inf pso lqf 1+1x20ml vak+ad+stř",2019-11-27
"Zoledronic acid hospira 4mg/100ml inf sol 1x100ml",2019-11-27
"Zoledronic acid pharmagen 4mg/5ml inf cnc sol 1x5ml",2019-11-27
"Imatinib pharmagen 100mg cps dur 60",2019-11-27
"Bendamustine pharmagen 2,5mg/ml inf plv csl 5x25mg",2019-11-27
"Capecitabine pharmagen 150mg film-coated tablets 60 ii",2019-11-27
"Capecitabine pharmagen 500mg film-coated tablets 120 i",2019-11-27
"Dexamed 8mg/2ml inj sol 100x2ml",2019-11-27
"Medoram plus h 2,5mg/12,5mg tbl nob 30",2019-11-27
"Ferant 250 mikrogramů injekční roztok 250mcg inj sol 5x5ml",2019-11-27
"Medopirid 3 mg 3mg tbl nob 30",2019-11-27
"Medopirid 4 mg 4mg tbl nob 30",2019-11-27
"Medopexol 0,088mg tbl nob 30",2019-11-27
"Platel 75mg film-coated tablets 28 ii",2019-11-27
"Aktiprol 50mg tbl nob 30 i",2019-11-27
"Aktiprol 50mg tbl nob 60 i",2019-11-27
"Aktiprol 200mg tbl nob 30 i",2019-11-27
"Siranalen 75mg cps dur 14 i",2019-11-27
"Siranalen 75mg cps dur 56 i",2019-11-27
"Siranalen 150mg cps dur 56 i",2019-11-27
"Asketon 50 mg potahované tablety 50mg film-coated tablets 40 i",2019-11-27
"Asketon 50 mg potahované tablety 50mg film-coated tablets 100 i",2019-11-27
"Aktiprol 50mg tbl nob 30 ii",2019-11-27
"Bydureon 2mg inj plq sus pro 4x(1+1x0,65ml isp+2j)",2019-11-27
"Xigduo 5mg/850mg film-coated tablets 196(2x98)",2019-11-27
"Brimica genuair 340mcg/12mcg inh plv 3x60dáv",2019-11-27
"Aranesp 50mcg inj sol isp 1x0,5ml iii",2019-11-27
"Aranesp 150mcg inj sol isp 1x0,3ml ii",2019-11-27
"Aranesp 300mcg inj sol isp 1x0,6ml ii",2019-11-27
"Kanjinti 420mg inf plv csl 1",2019-11-27
"Novoseven 1mg(50kiu) inj pso lqf 1+1x1,1ml ii",2019-11-27
"Novoseven 2mg(100kiu) inj pso lqf 1+1x2,1ml ii",2019-11-27
"Novoseven 5mg(250kiu) inj pso lqf 1+1x5,2ml ii",2019-11-27
"Victoza 6mg/ml inj sol 3x3ml",2019-11-27
"Roferon-a 9 miu/0,5 ml 9miu/0,5ml inj sol isp 5x0,5ml",2019-11-27
"Roferon-a 6 miu/0,5 ml 6miu/0,5ml inj sol isp 5x0,5ml",2019-11-27
"Roferon-a 3 miu/0,5ml 3miu/0,5ml inj sol isp 5x0,5ml",2019-11-27
"Alopurinol glenmark 300mg tbl nob 30",2019-11-27
"Alopurinol glenmark 100mg tbl nob 50",2019-11-27
"Alopurinol glenmark 100mg tbl nob 100",2019-11-27
"Neorecormon vícedávkový 50000iu inj pso lqf 1+1x10ml amp",2019-11-27
"Neorecormon 500iu inj sol 6x0,3ml",2019-11-27
"Xeloda 150mg film-coated tablets 60(6x10)",2019-11-27
"Esbriet 267mg cps dur 63(7x3+7x6) i",2019-11-27
"Esbriet 267mg film-coated tablets 63(1x21+2x21) ii",2019-11-27
"Mircera 360mcg/0,6ml inj sol isp 1x0,6ml",2019-11-27
"Ebixa 5mg/dáv por sol 1x50ml",2019-11-27
"Ebixa 5mg+10mg+15mg+20mg film-coated tablets 7+7+7+7 ii",2019-11-27
"Seropram 40mg/ml inf cnc sol 10x1ml",2019-11-27
"Fluanxol 1 mg 1mg tbl obd 100 i",2019-11-27
"Nerlynx 40mg film-coated tablets 180",2019-11-25
"Silkis 3mcg/g ung 100g",2019-11-24
"Fosavance 70mg/2800iu tbl nob 4",2019-11-24
"Puregon 100iu/0,5ml inj sol 1x0,5ml",2019-11-24
"Pegintron 100mcg inj pso lqf 1x0,5ml+1j",2019-11-24
"Aerius 5mg por tbl dis 90",2019-11-24
"Aerius 5mg por tbl dis 60",2019-11-24
"Aerius 5mg por tbl dis 30",2019-11-24
"Aerius 2,5mg por tbl dis 60",2019-11-24
"Aerius 2,5mg por tbl dis 90",2019-11-24
"Elocom 1mg/g crm 1x100g",2019-11-24
"Lerivon 60mg film-coated tablets 30",2019-11-24
"Inegy 10mg/40mg tbl nob 28",2019-11-24
"Zoletorv 10mg/10mg film-coated tablets 100",2019-11-24
"Zoletorv 10mg/20mg film-coated tablets 30x1",2019-11-24
"Zoletorv 10mg/40mg film-coated tablets 30x1",2019-11-24
"Fortecortin 4mg tbl nob 100",2019-11-24
"Etoposid ebewe 20mg/ml inf cnc sol 1x2,5ml",2019-11-24
"Bortezomib ebewe 3,5mg inj plv sol 1 ii",2019-11-24
"Apo-gab 400mg cps dur 100",2019-11-24
"Apo-gab 400mg cps dur 50",2019-11-24
"Apo-gab 300mg cps dur 50",2019-11-24
"Apo-gab 300mg cps dur 100",2019-11-24
"Apo-gab 100mg cps dur 50",2019-11-24
"Apo-gab 100mg cps dur 100",2019-11-24
"Apo-acebutol 400mg film-coated tablets 30",2019-11-24
"Apo-acebutol 400mg film-coated tablets 100",2019-11-24
"Apo-donepezil 5 mg potahované tablety 5mg film-coated tablets 30",2019-11-24
"Apo-donepezil 10 mg potahované tablety 10mg film-coated tablets 100",2019-11-24
"Apo-donepezil 10 mg potahované tablety 10mg film-coated tablets 30",2019-11-24
"Apo-atorvastatin 10mg film-coated tablets 30",2019-11-24
"Apo-fluconazol 150mg cps dur 1",2019-11-24
"Apo-fluconazol 150mg cps dur 4",2019-11-24
"Apo-gab 600mg film-coated tablets 50",2019-11-24
"Apo-gab 800mg film-coated tablets 50",2019-11-24
"Desloratadin apotex 5mg film-coated tablets 10 ii",2019-11-24
"Desloratadin apotex 5mg film-coated tablets 50 ii",2019-11-24
"Desloratadin apotex 5mg film-coated tablets 100",2019-11-24
"Quetapo 100 mg 100mg film-coated tablets 60",2019-11-24
"Quetapo 200 mg 200mg film-coated tablets 60",2019-11-24
"Quetapo 300 mg 300mg film-coated tablets 60",2019-11-24
"Apo-rabeprazol 20 mg enterosolventní tablety 20mg tbl ent 28",2019-11-24
"Apo-rabeprazol 20 mg enterosolventní tablety 20mg tbl ent 100",2019-11-24
"Memantin apotex 20 mg potahované tablety 20mg film-coated tablets 56 i",2019-11-24
"Apo-atorvastatin 80mg film-coated tablets 100",2019-11-24
"Letrozol apotex 2,5mg film-coated tablets 30",2019-11-24
"Letrozol apotex 2,5mg film-coated tablets 100",2019-11-24
"Cilostazol apotex 100 mg 100mg tbl nob 60",2019-11-24
"Cilostazol apotex 100 mg 100mg tbl nob 100",2019-11-24
"Desloratadin apotex 0,5mg/ml por sol 120ml ii",2019-11-24
"Vertibetis 24 mg tablety 24mg tbl nob 50",2019-11-24
"Levelanz 250mg film-coated tablets 56 i",2019-11-24
"Levelanz 500mg film-coated tablets 56 i",2019-11-24
"Levelanz 500mg film-coated tablets 98 i",2019-11-24
"Levelanz 1000mg film-coated tablets 56 i",2019-11-24
"Breakyl 800mcg buc flm 28 ii",2019-11-24
"Breakyl 400mcg buc flm 28 ii",2019-11-24
"Breakyl 200mcg buc flm 28 ii",2019-11-24
"Salofalk 4g rct sus 7x60g",2019-11-24
"Budenofalk uno 9mg gra ent 60",2019-11-24
"Duloxetin mylan 60mg cps etd 28 i",2019-11-24
"Pregabalin mylan pharma 75mg cps dur 14",2019-11-24
"Pregabalin mylan pharma 75mg cps dur 56",2019-11-24
"Pregabalin mylan pharma 150mg cps dur 56",2019-11-24
"Pregabalin mylan pharma 300mg cps dur 56",2019-11-24
"Pregabalin mylan 300mg cps dur 56",2019-11-24
"Mysildecard 20mg film-coated tablets 90",2019-11-24
"Mononine 500iu inj/inf pso lqf 1+1x5ml i",2019-11-23
"Ovaleap 300iu/0,5ml inj sol 1x0,5ml+10j",2019-11-23
"Mictonorm uno 45 mg 45mg cps rdr 28",2019-11-23
"Indivina 1 mg/2,5 mg 1mg/2,5mg tbl nob 1x28",2019-11-23
"Citalopram orion 40mg film-coated tablets 28",2019-11-23
"Citalopram orion 40mg film-coated tablets 98",2019-11-23
"Trexan 2,5mg tbl nob 30",2019-11-23
"Ocarox 12,5mg film-coated tablets 100",2019-11-23
"Ocarox 12,5mg film-coated tablets 30",2019-11-23
"Ocarox 25mg film-coated tablets 30",2019-11-23
"Ocarox 25mg film-coated tablets 100",2019-11-23
"Ocarox 6,25mg film-coated tablets 30",2019-11-23
"Ocarox 6,25mg film-coated tablets 100",2019-11-23
"Oridip 20mg film-coated tablets 28 ii",2019-11-23
"Atehexal 100mg film-coated tablets 30 i",2019-11-23
"Sulpirol 50mg cps dur 50",2019-11-23
"Sotahexal 80 80mg tbl nob 50",2019-11-23
"Sotahexal 160 160mg tbl nob 50",2019-11-23
"Molsihexal retard 8mg tbl pro 30",2019-11-23
"Mcp hexal 10 10mg tbl nob 50",2019-11-23
"Mcp hexal 10 10mg tbl nob 100",2019-11-23
"Penbene 1000000iu film-coated tablets 12",2019-11-23
"Pentomer retard 400mg tbl pro 20",2019-11-23
"Valproat ratiopharm chrono 300mg tbl pro 50",2019-11-23
"Terlipresin acetát ever pharma 0,2mg/ml inj sol 1x5ml",2019-11-23
"Terlipresin acetát ever pharma 0,2mg/ml inj sol 1x10ml",2019-11-23
"Velphoro 500mg tbl mnd 30",2019-11-23
"Dacepton 10 mg/ml 10mg/ml inj/inf sol 2x5x5ml",2019-11-23
"Suxamethonium chlorid vuab 250mg inj/inf plv sol 1 i",2019-11-23
"Suxamethonium chlorid vuab 250mg inj/inf plv sol 1 ii",2019-11-23
"Nykob 10mg film-coated tablets 28",2019-11-23
"Nykob 5mg film-coated tablets 28",2019-11-23
"Omeprazol farmax 20mg cps etd 28",2019-11-23
"Omeprazol farmax 20mg cps etd 98",2019-11-23
"Omeprazol farmax 20mg cps etd 100",2019-11-23
"Morysa 10mg film-coated tablets 28",2019-11-23
"Morysa 20mg film-coated tablets 28",2019-11-23
"Morysa 20mg film-coated tablets 56",2019-11-23
"Kartesada 75mg cps dur 30",2019-11-23
"Kartesada 75mg cps dur 100",2019-11-23
"Kartesada 75mg cps dur 112",2019-11-23
"Kartesada 150mg cps dur 30",2019-11-23
"Kartesada 150mg cps dur 100",2019-11-23
"Kartesada 150mg cps dur 112",2019-11-23
"Kartesada 300mg cps dur 30",2019-11-23
"Kartesada 300mg cps dur 14",2019-11-23
"Kartesada 300mg cps dur 56",2019-11-23
"Ropinirol farmax 2mg tbl pro 28",2019-11-23
"Ropinirol farmax 2mg tbl pro 84",2019-11-23
"Ropinirol farmax 4mg tbl pro 28",2019-11-23
"Ropinirol farmax 4mg tbl pro 84",2019-11-23
"Ropinirol farmax 8mg tbl pro 28",2019-11-23
"Ropinirol farmax 8mg tbl pro 84",2019-11-23
"Sertraline farmax 50mg film-coated tablets 20",2019-11-23
"Sertraline farmax 50mg film-coated tablets 28",2019-11-23
"Sertraline farmax 50mg film-coated tablets 60",2019-11-23
"Sertraline farmax 100mg film-coated tablets 20",2019-11-23
"Sertraline farmax 100mg film-coated tablets 28",2019-11-23
"Sertraline farmax 100mg film-coated tablets 60",2019-11-23
"Solifenacin farmax 5mg film-coated tablets 100 ii",2019-11-23
"Solifenacin farmax 10mg film-coated tablets 100 ii",2019-11-23
"Questax 200mg film-coated tablets 30",2019-11-23
"Questax 25mg film-coated tablets 30",2019-11-23
"Plovtt 75mg film-coated tablets 28",2019-11-23
"Plovtt 75mg film-coated tablets 84",2019-11-23
"Arkvimma 50mg film-coated tablets 56",2019-11-23
"Pterocyn 500mg film-coated tablets 120",2019-11-23
"Ultop 20 20mg cps dur 28",2019-11-22
"Zalasta 15mg tbl nob 28",2019-11-22
"Zalasta 15mg tbl nob 56",2019-11-22
"Zalasta 20mg tbl nob 28",2019-11-22
"Zalasta 20mg tbl nob 56",2019-11-22
"Vasilip 10mg film-coated tablets 84",2019-11-22
"Vasilip 20mg film-coated tablets 84",2019-11-22
"Helex retard 2mg tbl pro 30",2019-11-22
"Kventiax 150mg film-coated tablets 30",2019-11-22
"Finpros 5mg film-coated tablets 30",2019-11-22
"Olimesta 20mg film-coated tablets 30",2019-11-22
"Olimesta 40mg film-coated tablets 30",2019-11-22
"Linezolid krka 2mg/ml inf sol 10x300ml",2019-11-22
"Roticox 30 mg 30mg film-coated tablets 7",2019-11-22
"Roticox 30 mg 30mg film-coated tablets 14",2019-11-22
"Roticox 30 mg 30mg film-coated tablets 28",2019-11-22
"Roticox 30 mg 30mg film-coated tablets 56",2019-11-22
"Roticox 60 mg 60mg film-coated tablets 7",2019-11-22
"Roticox 60 mg 60mg film-coated tablets 14",2019-11-22
"Roticox 60 mg 60mg film-coated tablets 28",2019-11-22
"Roticox 60 mg 60mg film-coated tablets 56",2019-11-22
"Roticox 90 mg 90mg film-coated tablets 7",2019-11-22
"Roticox 90 mg 90mg film-coated tablets 14",2019-11-22
"Roticox 90 mg 90mg film-coated tablets 28",2019-11-22
"Roticox 90 mg 90mg film-coated tablets 56",2019-11-22
"Roticox 120 mg 120mg film-coated tablets 7",2019-11-22
"Roticox 120 mg 120mg film-coated tablets 14",2019-11-22
"Roticox 120 mg 120mg film-coated tablets 28",2019-11-22
"Roticox 120 mg 120mg film-coated tablets 56",2019-11-22
"Ravalsyo 10mg/80mg film-coated tablets 56",2019-11-22
"Ravalsyo 10mg/80mg film-coated tablets 60",2019-11-22
"Ravalsyo 10mg/80mg film-coated tablets 84",2019-11-22
"Ravalsyo 10mg/80mg film-coated tablets 90",2019-11-22
"Ravalsyo 10mg/80mg film-coated tablets 100",2019-11-22
"Ravalsyo 20mg/80mg film-coated tablets 56",2019-11-22
"Ravalsyo 20mg/80mg film-coated tablets 60",2019-11-22
"Ravalsyo 20mg/80mg film-coated tablets 84",2019-11-22
"Ravalsyo 20mg/80mg film-coated tablets 90",2019-11-22
"Ravalsyo 20mg/80mg film-coated tablets 100",2019-11-22
"Ravalsyo 10mg/160mg film-coated tablets 56",2019-11-22
"Ravalsyo 10mg/160mg film-coated tablets 60",2019-11-22
"Ravalsyo 10mg/160mg film-coated tablets 84",2019-11-22
"Ravalsyo 10mg/160mg film-coated tablets 90",2019-11-22
"Ravalsyo 10mg/160mg film-coated tablets 100",2019-11-22
"Ravalsyo 20mg/160mg film-coated tablets 56",2019-11-22
"Ravalsyo 20mg/160mg film-coated tablets 60",2019-11-22
"Ravalsyo 20mg/160mg film-coated tablets 84",2019-11-22
"Ravalsyo 20mg/160mg film-coated tablets 90",2019-11-22
"Ravalsyo 20mg/160mg film-coated tablets 100",2019-11-22
"Telassmo 40mg/5mg tbl nob 28",2019-11-22
"Telassmo 40mg/5mg tbl nob 30",2019-11-22
"Telassmo 40mg/5mg tbl nob 56",2019-11-22
"Telassmo 40mg/5mg tbl nob 60",2019-11-22
"Telassmo 40mg/5mg tbl nob 84",2019-11-22
"Telassmo 40mg/5mg tbl nob 90",2019-11-22
"Telassmo 40mg/5mg tbl nob 98",2019-11-22
"Telassmo 40mg/10mg tbl nob 28",2019-11-22
"Telassmo 40mg/10mg tbl nob 30",2019-11-22
"Telassmo 40mg/10mg tbl nob 56",2019-11-22
"Telassmo 40mg/10mg tbl nob 60",2019-11-22
"Telassmo 40mg/10mg tbl nob 84",2019-11-22
"Telassmo 40mg/10mg tbl nob 90",2019-11-22
"Telassmo 40mg/10mg tbl nob 98",2019-11-22
"Telassmo 80mg/5mg tbl nob 30",2019-11-22
"Telassmo 80mg/5mg tbl nob 56",2019-11-22
"Telassmo 80mg/5mg tbl nob 60",2019-11-22
"Telassmo 80mg/5mg tbl nob 84",2019-11-22
"Telassmo 80mg/5mg tbl nob 90",2019-11-22
"Telassmo 80mg/5mg tbl nob 98",2019-11-22
"Telassmo 80mg/10mg tbl nob 30",2019-11-22
"Telassmo 80mg/10mg tbl nob 56",2019-11-22
"Telassmo 80mg/10mg tbl nob 60",2019-11-22
"Elicea 10mg film-coated tablets 90",2019-11-22
"Telassmo 80mg/10mg tbl nob 84",2019-11-22
"Telassmo 80mg/10mg tbl nob 90",2019-11-22
"Telassmo 80mg/10mg tbl nob 98",2019-11-22
"Ramladio 5mg/5mg cps dur 30",2019-11-22
"Ramladio 5mg/5mg cps dur 60",2019-11-22
"Ramladio 5mg/5mg cps dur 90",2019-11-22
"Ramladio 5mg/5mg cps dur 100",2019-11-22
"Ramladio 5mg/10mg cps dur 30",2019-11-22
"Ramladio 5mg/10mg cps dur 60",2019-11-22
"Ramladio 5mg/10mg cps dur 90",2019-11-22
"Ramladio 5mg/10mg cps dur 100",2019-11-22
"Ramladio 10mg/5mg cps dur 30",2019-11-22
"Ramladio 10mg/5mg cps dur 60",2019-11-22
"Ramladio 10mg/5mg cps dur 90",2019-11-22
"Ramladio 10mg/5mg cps dur 100",2019-11-22
"Ramladio 10mg/10mg cps dur 30",2019-11-22
"Ramladio 10mg/10mg cps dur 60",2019-11-22
"Ramladio 10mg/10mg cps dur 90",2019-11-22
"Ramladio 10mg/10mg cps dur 100",2019-11-22
"Azibiot 500mg film-coated tablets 3",2019-11-22
"Enyglid 0,5mg tbl nob 30",2019-11-22
"Enyglid 1mg tbl nob 30",2019-11-22
"Enyglid 2mg tbl nob 30",2019-11-22
"Anxila 5mg film-coated tablets 28",2019-11-22
"Anxila 20mg film-coated tablets 28",2019-11-22
"Rolpryna 2mg tbl pro 28",2019-11-22
"Rolpryna 4mg tbl pro 28",2019-11-22
"Rolpryna 8mg tbl pro 28",2019-11-22
"Yasnal oro tab 5mg por tbl dis 28",2019-11-22
"Yasnal oro tab 10mg por tbl dis 28",2019-11-22
"Amlessa 4mg/5mg tbl nob 30",2019-11-22
"Amlessa 4mg/10mg tbl nob 30",2019-11-22
"Amlessa 8mg/5mg tbl nob 30",2019-11-22
"Amlessa 8mg/10mg tbl nob 30",2019-11-22
"Dexamethasone krka 20mg tbl nob 20x1",2019-11-22
"Dexamethasone krka 4mg tbl nob 20x1",2019-11-22
"Bixebra 5mg film-coated tablets 56x1",2019-11-22
"Bixebra 5mg film-coated tablets 112x1",2019-11-22
"Bixebra 7,5mg film-coated tablets 56x1",2019-11-22
"Bixebra 7,5mg film-coated tablets 112x1",2019-11-22
"Meaxin 100mg tbl sus 60x1",2019-11-22
"Meaxin 100mg tbl sus 120x1",2019-11-22
"Meaxin 400mg tbl sus 30x1",2019-11-22
"Amlessa 4mg/5mg tbl nob 90",2019-11-22
"Amlessa 4mg/10mg tbl nob 90",2019-11-22
"Amlessa 8mg/5mg tbl nob 90",2019-11-22
"Amlessa 8mg/10mg tbl nob 90",2019-11-22
"Likarda 2,5mg film-coated tablets 60",2019-11-22
"Tolnexa 20mg/ml inf cnc sol 1x1ml",2019-11-22
"Tolnexa 20mg/ml inf cnc sol 1x4ml",2019-11-22
"Tolnexa 20mg/ml inf cnc sol 1x8ml",2019-11-22
"Elicea oro tab 5mg por tbl dis 28 i",2019-11-22
"Elicea oro tab 10mg por tbl dis 28 i",2019-11-22
"Elicea oro tab 10mg por tbl dis 90 i",2019-11-22
"Elicea oro tab 20mg por tbl dis 28 i",2019-11-22
"Atordapin 10mg/10mg film-coated tablets 90",2019-11-22
"Ecansya 150mg film-coated tablets 60 i",2019-11-22
"Ecansya 150mg film-coated tablets 60 ii",2019-11-22
"Ecansya 500mg film-coated tablets 120 i",2019-11-22
"Oprymea 1,57mg tbl pro 30",2019-11-22
"Oprymea 2,1mg tbl pro 100",2019-11-22
"Elicea oro tab 15mg por tbl dis 28 i",2019-11-22
"Aclexa 100mg cps dur 90",2019-11-22
"Aclexa 200mg cps dur 10",2019-11-22
"Aclexa 200mg cps dur 90",2019-11-22
"Azibiot neo 250mg film-coated tablets 4",2019-11-22
"Azibiot neo 250mg film-coated tablets 6",2019-11-22
"Azibiot neo 500mg film-coated tablets 2",2019-11-22
"Atordapin 5mg/10mg film-coated tablets 90",2019-11-22
"Finpros 5mg film-coated tablets 90",2019-11-22
"Betaklav 400mg/5ml+57mg/5ml por plv sus 70ml",2019-11-22
"Tonanda 2mg/5mg/0,625mg tbl nob 90",2019-11-22
"Tenloris 50mg/5mg film-coated tablets 30",2019-11-22
"Tenloris 50mg/5mg film-coated tablets 90",2019-11-22
"Tenloris 50mg/10mg film-coated tablets 30",2019-11-22
"Tenloris 50mg/10mg film-coated tablets 90",2019-11-22
"Tenloris 100mg/5mg film-coated tablets 30",2019-11-22
"Tenloris 100mg/5mg film-coated tablets 90",2019-11-22
"Tenloris 100mg/10mg film-coated tablets 30",2019-11-22
"Tenloris 100mg/10mg film-coated tablets 90",2019-11-22
"Nalgesin 550mg film-coated tablets 10",2019-11-22
"Nalgesin 550mg film-coated tablets 20",2019-11-22
"Sobycor combi 10mg/10mg tbl nob 30",2019-11-22
"Sobycor combi 10mg/10mg tbl nob 90",2019-11-22
"Losartan krka 50 mg 50mg film-coated tablets 28",2019-11-22
"Losartan krka 50 mg 50mg film-coated tablets 84",2019-11-22
"Losartan krka 100 mg 100mg film-coated tablets 28",2019-11-22
"Perindopril krka 8mg tbl nob 90",2019-11-22
"Rosuvastatin krka 20mg film-coated tablets 28",2019-11-22
"Atorvastatin krka 10mg film-coated tablets 30",2019-11-22
"Atorvastatin krka 10mg film-coated tablets 90",2019-11-22
"Atorvastatin krka 20mg film-coated tablets 30",2019-11-22
"Atorvastatin krka 20mg film-coated tablets 90",2019-11-22
"Atorvastatin krka 40mg film-coated tablets 30",2019-11-22
"Ramipril krka 1,25mg tbl nob 30",2019-11-22
"Ramipril krka 1,25mg tbl nob 90",2019-11-22
"Ramipril krka 2,5mg tbl nob 90",2019-11-22
"Ramipril krka 5mg tbl nob 90",2019-11-22
"Ramipril krka 10mg tbl nob 90",2019-11-22
"Sertralin krka 100mg film-coated tablets 28",2019-11-22
"Sertralin krka 50mg film-coated tablets 28",2019-11-22
"Losartan/hydrochlorothiazid krka 100mg/25mg film-coated tablets 28",2019-11-22
"Oprymea 2,62mg tbl pro 30",2019-11-22
"Oprymea 3,15mg tbl pro 30",2019-11-22
"Aryzalera 10mg tbl nob 14",2019-11-22
"Aryzalera 10mg tbl nob 90",2019-11-22
"Aryzalera 15mg tbl nob 14",2019-11-22
"Aryzalera 15mg tbl nob 90",2019-11-22
"Aryzalera 30mg tbl nob 30",2019-11-22
"Pragiola 75mg cps dur 28",2019-11-22
"Pragiola 150mg cps dur 14",2019-11-22
"Pragiola 300mg cps dur 14",2019-11-22
"Dulsevia 60mg cps etd 90",2019-11-22
"Rosudapin 10 mg/5 mg 10mg/5mg film-coated tablets 30",2019-11-22
"Rosudapin 10 mg/10 mg 10mg/10mg film-coated tablets 30",2019-11-22
"Rosudapin 20 mg/5 mg 20mg/5mg film-coated tablets 30",2019-11-22
"Rosudapin 20 mg/10 mg 20mg/10mg film-coated tablets 30",2019-11-22
"Rosudapin 15 mg/5 mg 15mg/5mg film-coated tablets 30",2019-11-22
"Rosudapin 15 mg/10 mg 15mg/10mg film-coated tablets 30",2019-11-22
"Kventiax prolong 50mg tbl pro 30",2019-11-22
"Kventiax prolong 50mg tbl pro 90",2019-11-22
"Glyclada 90mg tbl ret 30x1 i",2019-11-22
"Glyclada 90mg tbl ret 90x1 i",2019-11-22
"Losartan/hydrochlorothiazid krka 100mg/12,5mg film-coated tablets 28",2019-11-22
"Glyclada 90mg tbl ret 60x1 ii",2019-11-22
"Darunavir krka 400mg film-coated tablets 60(2x30)",2019-11-22
"Darunavir krka 600mg film-coated tablets 60(2x30)",2019-11-22
"Darunavir krka 800mg film-coated tablets 30",2019-11-22
"Pemetrexed krka 100mg inf plv csl 1",2019-11-22
"Pemetrexed krka 500mg inf plv csl 1",2019-11-22
"Sobycor combi 10mg/5mg tbl nob 30",2019-11-22
"Sobycor combi 10mg/5mg tbl nob 90",2019-11-22
"Sobycor combi 5mg/10mg tbl nob 30",2019-11-22
"Sobycor combi 5mg/10mg tbl nob 90",2019-11-22
"Sobycor combi 5mg/5mg tbl nob 30",2019-11-22
"Sobycor combi 5mg/5mg tbl nob 90",2019-11-22
"Salbutamol wzf polfa 4 mg 4mg tbl nob 30",2019-11-21
"Clindamycin kabi 150mg/ml inj sol/inf cnc sol 5x6ml",2019-11-21
"Clindamycin kabi 150mg/ml inj sol/inf cnc sol 10x6ml",2019-11-21
"Levofloxacin kabi 5mg/ml inf sol 10x100ml",2019-11-21
"Glucose fresenius kabi 5% 50mg/ml inf sol 20x100ml ii",2019-11-21
"Cytarabin kabi 100mg/ml inj/inf sol 1x5ml",2019-11-21
"Irinotecan fresenius 20mg/ml inf cnc sol 1x15ml",2019-11-21
"Docetaxel kabi 120mg/6ml inf cnc sol 1x6ml",2019-11-21
"Docetaxel kabi 160mg/8ml inf cnc sol 1x8ml",2019-11-21
"Docetaxel kabi 180mg/9ml inf cnc sol 1x9ml",2019-11-21
"Calcium folinate kabi 10 mg/ml 10mg/ml inj/inf sol 1x10ml",2019-11-21
"Humira k pediatrickému užití 40mg/0,8ml inj sol 2x(0,8ml+stř+1j+ad)",2019-11-21
"Humira 40mg inj sol 2x0,8ml i",2019-11-21
"Zemplar 5mcg/ml inj sol 5x1ml",2019-11-21
"Zemplar 5mcg/ml inj sol 5x2ml",2019-11-21
"Zemplar 2mcg/ml inj sol 5x1ml",2019-11-21
"Citalon 10mg film-coated tablets 28",2019-11-21
"Valproat chrono sandoz 300mg tbl pro 30",2019-11-21
"Valproat chrono sandoz 300mg tbl pro 100",2019-11-21
"Valproat chrono sandoz 500mg tbl pro 30",2019-11-21
"Valproat chrono sandoz 500mg tbl pro 100",2019-11-21
"Azitromycin sandoz 500mg film-coated tablets 6",2019-11-21
"Ospen 500 500000iu film-coated tablets 12",2019-11-21
"Ospen 1000 1000000iu film-coated tablets 12",2019-11-21
"Ospen 1500 1500000iu film-coated tablets 12",2019-11-21
"Ibandronic acid sandoz 50mg film-coated tablets 28",2019-11-21
"Xorimax 500mg film-coated tablets 16",2019-11-21
"Aripiprazole sandoz 10mg tbl nob 30",2019-11-21
"Pemetrexed sandoz 1000mg inf plv csl 1",2019-11-21
"Pregabalin sandoz 75mg cps dur 14",2019-11-21
"Pregabalin sandoz 150mg cps dur 14",2019-11-21
"Ictady 245mg film-coated tablets 1x30",2019-11-21
"Docetaxel actavis 20mg/ml inf cnc sol 1x1ml i",2019-11-21
"Docetaxel actavis 20mg/ml inf cnc sol 1x4ml i",2019-11-21
"Docetaxel actavis 20mg/ml inf cnc sol 1x7ml i",2019-11-21
"Omeprazol actavis 20mg cps etd 30",2019-11-21
"Potactasol 4mg inf plv csl 1",2019-11-21
"Zoledronic acid actavis 4mg/5ml inf cnc sol 1x5ml",2019-11-21
"Ramipril actavis 10mg tbl nob 30",2019-11-21
"Ramipril actavis 5mg tbl nob 30",2019-11-21
"Meropenem bradex 500mg inj/inf plv sol 50",2019-11-21
"Meropenem bradex 1g inj/inf plv sol 50",2019-11-21
"Spiriva respimat 2,5mcg inh sol 3x60dáv+3inh",2019-11-21
"Mirapexin 0,26mg tbl pro 10",2019-11-21
"Mirapexin 0,52mg tbl pro 30",2019-11-21
"Mirapexin 2,1mg tbl pro 100",2019-11-21
"Mirapexin 2,62mg tbl pro 100",2019-11-21
"Jentadueto 2,5mg/850mg film-coated tablets 180(2x90x1)",2019-11-21
"Spiolto respimat 2,5 mikrogramů/2,5 mikrogramů 2,5mcg/2,5mcg/dáv inh sol 3x60dáv+3inh",2019-11-21
"Fosrenol 500mg tbl mnd 90(2x45)",2019-11-21
"Vizilatan 50mcg/ml oph gtt sol 1x2,5ml",2019-11-20
"Remodulin 1mg/ml inf sol 1x20ml",2019-11-20
"Remodulin 10mg/ml inf sol 1x20ml",2019-11-20
"Transtec 35mcg/h tdr emp 10",2019-11-20
"Transtec 52,5mcg/h tdr emp 10",2019-11-20
"Transtec 70mcg/h tdr emp 10",2019-11-20
"Palexia 100mg film-coated tablets 28",2019-11-20
"Bendamustine glenmark 2,5mg/ml inf plv csl 20x25mg",2019-11-20
"Alzil 10 mg 10mg film-coated tablets 56",2019-11-20
"Alzil 10 mg 10mg film-coated tablets 84",2019-11-20
"Alzil 5 mg 5mg film-coated tablets 56",2019-11-20
"Alzil 5 mg 5mg film-coated tablets 84",2019-11-20
"Atraven 20mg film-coated tablets 50",2019-11-20
"Atraven 20mg film-coated tablets 98",2019-11-20
"Atraven 40mg film-coated tablets 30",2019-11-20
"Atraven 40mg film-coated tablets 100",2019-11-20
"Arionex 50mg film-coated tablets 98",2019-11-20
"Trund 1000mg film-coated tablets 50",2019-11-20
"Alozex 1mg film-coated tablets 100",2019-11-20
"Alozex 1mg film-coated tablets 28",2019-11-20
"Ikametin 150 mg 150mg film-coated tablets 1 ii",2019-11-20
"Dilizolen 2mg/ml inf sol 10x300ml",2019-11-20
"Ramomark 5mg/10mg cps dur 98",2019-11-20
"Ezetimibe glenmark 10mg tbl nob 100",2019-11-20
"Noprex 70 mikrogramů/h transdermální náplast 70mcg/h tdr emp 5",2019-11-20
"Vessel due f 250su cps mol 120",2019-11-20
"Imatinib koanaa 100mg film-coated tablets 20",2019-11-20
"Imatinib koanaa 100mg film-coated tablets 60",2019-11-20
"Imatinib koanaa 100mg film-coated tablets 120",2019-11-20
"Imatinib koanaa 100mg film-coated tablets 180",2019-11-20
"Imatinib koanaa 400mg film-coated tablets 10",2019-11-20
"Imatinib koanaa 400mg film-coated tablets 30",2019-11-20
"Imatinib koanaa 400mg film-coated tablets 90",2019-11-20
"Mepivastesin 30mg/ml inj sol 50x1,7ml",2019-11-20
"Ubistesin 40mg/ml+5mcg/ml inj sol 50x1,7ml",2019-11-20
"Flexbumin 200g/l inf sol 24x50ml",2019-11-20
"Flexbumin 200g/l inf sol 12x100ml",2019-11-20
"Flexbumin 200g/l inf sol 1x50ml",2019-11-20
"Artrodar 50mg cps dur 30",2019-11-20
"Sevelamer carbonate winthrop 800mg film-coated tablets 180",2019-11-20
"Natrium chloratum bbp 100mg/ml inj sol 10x5ml",2019-11-20
"Calciferol bbp 7,5mg/ml inj sol 1x1ml",2019-11-20
"Prohance 279,3mg/ml inj sol isp 1x15ml",2019-11-20
"Multihance 529mg/ml inj sol isp 1x10ml",2019-11-20
"Levact 2,5mg/ml inf plv csl 20x25mg",2019-11-20
"Levact 2,5mg/ml inf plv csl 5x100mg",2019-11-20
"Alecensa 150mg cps dur 224(4x56)",2019-11-20
"Tecentriq 840mg inf cnc sol 1x14ml",2019-11-19
"Vipidia 25mg film-coated tablets 28",2019-11-19
"Toujeo 300u/ml inj sol 3x1,5ml",2019-11-13
"Toujeo 300u/ml inj sol 3x3ml",2019-11-13
"Kyprolis 60mg inf plv sol 1",2019-11-12
"Kyprolis 10mg inf plv sol 1",2019-11-12
"Kyprolis 30mg inf plv sol 1",2019-11-12
"Gammanorm 165mg/ml inj sol 10x10ml",2019-11-11
"Gammanorm 165mg/ml inj sol 10x20ml",2019-11-11
"Gammanorm 165mg/ml inj sol 10x6ml",2019-11-11
"Humira 40mg inj sol 2x0,4ml",2019-11-06
"Humira 40mg inj sol 2x0,4ml i",2019-11-06
"Velbienne 2mg/1mg 2mg/1mg film-coated tablets 3x28",2019-11-05
"Xarelto 2,5mg film-coated tablets 100x1 ii",2019-11-01
"Xarelto 10mg film-coated tablets 100x1 ii",2019-11-01
"Somatuline autogel 120mg inj sol isp 1x0,5ml+stř",2019-11-01
"Somatuline autogel 60mg inj sol isp 1x0,5ml+stř",2019-11-01
"Virgan 1,5mg/g oční gel 1,5mg/g oph gel 1x5g ii",2019-10-31
"Parsabiv 2,5mg inj sol 6x0,5ml",2019-10-29
"Parsabiv 5mg inj sol 6x1ml",2019-10-29
"Parsabiv 10mg inj sol 6x2ml",2019-10-29
"Avastin 25mg/ml inf cnc sol 1x4ml",2019-10-29
"Avastin 25mg/ml inf cnc sol 1x16ml",2019-10-29
"Epiduo 1mg/g+25mg/g gel 30g",2019-10-28
"Lynparza 100mg film-coated tablets 56",2019-10-25
"Lynparza 150mg film-coated tablets 56",2019-10-25
"Rivocor 5mg film-coated tablets 90",2019-10-15
"Rivocor 10mg film-coated tablets 90",2019-10-15
"Naxalgan 75mg cps dur 56",2019-10-15
"Naxalgan 150mg cps dur 56",2019-10-15
"Naxalgan 300mg cps dur 56",2019-10-15
"Derin 200 mg potahované tablety 200mg film-coated tablets 100",2019-10-15
"Terrosa 20mcg/80mcl inj sol 1x2,4ml",2019-10-14
"Dupixent 200mg inj sol 2x1,14ml ii",2019-10-14
"Pergoveris 150iu/75iu inj pso lqf 1+1x1ml",2019-10-11
"Pergoveris 150iu/75iu inj pso lqf 10+10x1ml",2019-10-11
"Zetovar 10mg/80mg tbl nob 30",2019-10-10
"Dupixent 300mg inj sol 2x2ml ii",2019-10-09
"Suliqua 100u/ml+50mcg/ml inj sol 5x3ml",2019-10-08
"Exviera 250mg film-coated tablets 56(4x14)",2019-10-07
"Viekirax 12,5mg/75mg/50mg film-coated tablets 56(4x14)",2019-10-07
"Hulio 40mg inj sol 6x0,8ml",2019-10-04
"Trulicity 1,5mg inj sol 4x0,5ml",2019-10-03
"Bortezomib ebewe 3,5mg inj plv sol 1 ii",2019-10-03
"Bortezomib adamed 3,5 mg prášek pro injekční roztok 3,5mg inj plv sol 1",2019-10-03
"Zegomib 3,5mg inj plv sol 3",2019-10-03
"Blincyto 38,5mcg inf pcs sol 1+1x10ml",2019-10-02
"Ofev 100mg cps mol 60x1",2019-10-02
"Ofev 150mg cps mol 60x1",2019-10-02
"Zenon 10mg/40mg film-coated tablets 90",2019-10-01
"Xtandi 40mg cps mol 112",2019-09-26
"Dovato 50mg/300mg film-coated tablets 30",2019-09-25
"Kalydeco 150mg film-coated tablets 56",2019-09-25
"Glucophage 850 mg 850mg film-coated tablets 30",2019-09-25
"Diflucan 50mg cps dur 7 i",2019-09-19
"Diflucan 150mg cps dur 1 i",2019-09-19
"Diflucan 100mg cps dur 28 i",2019-09-19
"Spiriva respimat 2,5mcg inh sol 3x60dáv+1inh",2019-09-17
"Simponi 45mg/0,45ml inj sol pep 1x0,45ml",2019-09-16
"Kuvan 100mg tbl sol 30",2019-09-16
"Kuvan 100mg tbl sol 120",2019-09-16
"Lorviqua 25mg film-coated tablets 120",2019-09-13
"Lorviqua 100mg film-coated tablets 30",2019-09-13
"Tagrisso 40mg film-coated tablets 30x1",2019-09-12
"Tagrisso 80mg film-coated tablets 30x1",2019-09-12
"Kuvan 100mg tbl sol 30",2019-09-12
"Kuvan 100mg tbl sol 120",2019-09-12
"Derin 200 mg potahované tablety 200mg film-coated tablets 90",2019-09-09
"Egitim 10mg tbl nob 30(3x10)",2019-09-06
"Egitim 10mg tbl nob 60(6x10)",2019-09-06
"Egitim 10mg tbl nob 90(9x10)",2019-09-06
"Adezop 10mg tbl nob 28",2019-09-06
"Adezop 10mg tbl nob 84",2019-09-06
"Ezetimib apotex 10mg tbl nob 30 i",2019-09-06
"Ezetimib apotex 10mg tbl nob 100 i",2019-09-06
"Abilify 10mg por tbl dis 28x1",2019-09-06
"Abilify 15mg por tbl dis 28x1",2019-09-06
"Hartmann´s solution fresenius kabi inf sol 1x500ml i",2019-09-06
"Hartmann´s solution fresenius kabi inf sol 1x1000ml i",2019-09-06
"Hartmann´s solution fresenius kabi inf sol 1x500ml ii",2019-09-06
"Hartmann´s solution fresenius kabi inf sol 1x1000ml ii",2019-09-06
"Ringer's solution fresenius kabi inf sol 1x500ml ii",2019-09-06
"Ringer's solution fresenius kabi inf sol 1x1000ml ii",2019-09-06
"Coltowan 10mg tbl nob 90",2019-09-06
"Noveze 10mg tbl nob 30 ii",2019-09-06
"Noveze 10mg tbl nob 98 ii",2019-09-06
"Ezetimibe glenmark 10mg tbl nob 30",2019-09-06
"Ezetimibe glenmark 10mg tbl nob 98",2019-09-06
"Ezetimibe glenmark 10mg tbl nob 100",2019-09-06
"Ezetimibe accord 10 mg 10mg tbl nob 30 ii",2019-09-06
"Ezetimibe accord 10 mg 10mg tbl nob 98 ii",2019-09-06
"Ezetimib aurovitas 10mg tbl nob 30",2019-09-06
"Ezetimib aurovitas 10mg tbl nob 98",2019-09-06
"Bisocard 5 5mg film-coated tablets 30",2019-09-06
"Bisocard 10 10mg film-coated tablets 30",2019-09-06
"Orencia 250mg inf plv csl 1+1xstř",2019-09-05
"Orencia 125mg inj sol 4x1ml ii",2019-09-05
"Roactemra 162mg inj sol isp 4x0,9ml",2019-09-05
"Roactemra 20mg/ml inf cnc sol 4x4ml",2019-09-05
"Roactemra 20mg/ml inf cnc sol 4x10ml",2019-09-05
"Roactemra 20mg/ml inf cnc sol 4x20ml",2019-09-05
"Erivedge 150mg cps dur 28",2019-09-04
"Betalmic 5mg/ml oph gtt sol 1x10ml",2019-09-03
"Timolol unimed pharma 5mg/ml oph gtt sol 1x10ml",2019-09-03
"Keytruda 50mg inf plv csl 1",2019-09-02
"Jorveza 1mg por tbl dis 30",2019-08-27
"Jorveza 1mg por tbl dis 60",2019-08-27
"Jorveza 1mg por tbl dis 90",2019-08-27
"Ilumetri 100mg inj sol 1x1ml",2019-08-23
"Skilarence 30mg tbl ent 42",2019-08-23
"Skilarence 120mg tbl ent 90",2019-08-23
"Skilarence 120mg tbl ent 180",2019-08-23
"Wamlox 5mg/320mg film-coated tablets 30",2019-08-21
"Wamlox 5mg/320mg film-coated tablets 90",2019-08-21
"Wamlox 5mg/320mg film-coated tablets 30x1",2019-08-21
"Wamlox 5mg/320mg film-coated tablets 90x1",2019-08-21
"Wamlox 10mg/320mg film-coated tablets 30",2019-08-21
"Wamlox 10mg/320mg film-coated tablets 90",2019-08-21
"Wamlox 10mg/320mg film-coated tablets 30x1",2019-08-21
"Wamlox 10mg/320mg film-coated tablets 90x1",2019-08-21
"Skudexa 75mg/25mg film-coated tablets 15 iii",2019-08-21
"Ragwizax 12sq-amb por lyo 30",2019-08-20
"Ragwizax 12sq-amb por lyo 90",2019-08-20
"Siofor 850mg film-coated tablets 120 ii",2019-08-19
"Wamlox 5mg/80mg film-coated tablets 30",2019-08-19
"Wamlox 5mg/80mg film-coated tablets 90",2019-08-19
"Wamlox 5mg/160mg film-coated tablets 30",2019-08-19
"Wamlox 5mg/160mg film-coated tablets 90",2019-08-19
"Wamlox 10mg/160mg film-coated tablets 30",2019-08-19
"Wamlox 10mg/160mg film-coated tablets 90",2019-08-19
"Ozempic 1mg inj sol 1x3ml+4j",2019-08-16
"Bevespi aerosphere 7,2mcg/5mcg inh sus pss 1x120dáv",2019-08-15
"Bosentan ebewe 125mg film-coated tablets 56",2019-08-12
"Bosentan welding 125 mg 125mg film-coated tablets 56",2019-08-12
"Adempas 0,5mg film-coated tablets 42",2019-08-09
"Adempas 1mg film-coated tablets 42",2019-08-09
"Adempas 1,5mg film-coated tablets 42",2019-08-09
"Adempas 2mg film-coated tablets 42",2019-08-09
"Adempas 2,5mg film-coated tablets 42",2019-08-09
"Pregabalin sandoz 75mg cps dur 56",2019-08-08
"Pregabalin sandoz 150mg cps dur 56",2019-08-08
"Idacio 40mg inj sol 2x0,8ml",2019-08-02
"Remsima 100mg inf plv csl 4",2019-08-02
"Entyvio 300mg inf plv csl 1",2019-08-02
"Kevzara 150mg inj sol 2x1,14ml",2019-08-02
"Kevzara 200mg inj sol 2x1,14ml",2019-08-02
"Cosentyx 150mg inj sol pep 2x1ml",2019-08-02
"Kyntheum 210mg inj sol 2x1,5ml",2019-08-02
"Tremfya 100mg inj sol 1x1ml",2019-08-02
"Taltz 80mg inj sol pep 2x1ml",2019-08-02
"Stelara 90mg inj sol isp 1x1ml",2019-08-02
"Stelara 130mg inf cnc sol 1x26ml",2019-08-02
"Stelara 45mg inj sol 1x0,5ml",2019-08-02
"Olumiant 4mg film-coated tablets 35 i",2019-08-02
"Xeljanz 10mg film-coated tablets 56",2019-08-02
"Xeljanz 10mg film-coated tablets 112",2019-08-02
"Xeljanz 10mg film-coated tablets 182",2019-08-02
"Otezla 30mg film-coated tablets 56",2019-08-02
"Otezla 10mg+20mg+30mg film-coated tablets 4x10mg+4x20mg+19x30mg",2019-08-02
"Taptiqom 15mcg/ml+5mg/ml oph gtt sol mdc 30x0,3ml",2019-07-31
"Taptiqom 15mcg/ml+5mg/ml oph gtt sol mdc 90x0,3ml",2019-07-31
"Blincyto 38,5mcg inf pcs sol 1+1x10ml",2019-07-29
"Febuxostat zentiva 80mg film-coated tablets 28",2019-07-26
"Rosemig sprintab 50 mg 50mg tbl sus 6 i",2019-07-26
"Rosemig 50 mg 50mg film-coated tablets 6 i",2019-07-26
"Rosemig sprintab 50 mg 50mg tbl sus 6 ii",2019-07-26
"Rosemig 50 mg 50mg film-coated tablets 6 ii",2019-07-26
"Naramig 2,5 mg 2,5mg film-coated tablets 6 i",2019-07-26
"Helicid 20 zentiva 20mg cps etd 14 i",2019-07-23
"Helicid 20 zentiva 20mg cps etd 14 ii",2019-07-23
"Trimbow 87mcg/5mcg/9mcg inh sol pss 1x180dáv",2019-07-16
"Ajovy 225mg inj sol 1x1,5ml",2019-07-16
"Progesteron besins 200mg vag cps mol 15",2019-07-11
"Humira 80mg inj sol 1x0,8ml i",2019-07-02
"Humira 80mg inj sol 1x0,8ml",2019-07-02
"Humira 20mg inj sol 2x0,2ml i",2019-07-02
"Imraldi 40mg inj sol 2x(1x0,8ml)",2019-07-02
"Zessly 100mg inf plv csl 1",2019-07-02
"Afstyla 250iu inj pso lqf 1+1x2,5ml+ad+stř+set",2019-07-01
"Afstyla 500iu inj pso lqf 1+1x2,5ml+ad+stř+set",2019-07-01
"Afstyla 1000iu inj pso lqf 1+1x2,5ml+ad+stř+set",2019-07-01
"Afstyla 1500iu inj pso lqf 1+1x5ml+ad+stř+set",2019-07-01
"Afstyla 2000iu inj pso lqf 1+1x5ml+ad+stř+set",2019-07-01
"Afstyla 3000iu inj pso lqf 1+1x5ml+ad+stř+set",2019-07-01
"Amgevita 40mg inj sol isp 2x0,8ml",2019-07-01
"Amgevita 40mg inj sol pep 2x0,8ml",2019-07-01
"Pregabalin stada arzneimittel ag 75mg cps dur 56",2019-06-29
"Pregabalin stada arzneimittel ag 150mg cps dur 56",2019-06-29
"Pregabalin zentiva k.s. 150mg cps dur 56 ii",2019-06-29
"Pregabalin zentiva k.s. 300mg cps dur 56 ii",2019-06-29
"Pregabalin zentiva k.s. 75mg cps dur 56 ii",2019-06-29
"Pregamid 75 mg tvrdé tobolky 75mg cps dur 60",2019-06-29
"Pregamid 150 mg tvrdé tobolky 150mg cps dur 60",2019-06-29
"Pregabalin belupo 75 mg tvrdé tobolky 75mg cps dur 56",2019-06-29
"Pregabalin belupo 150 mg tvrdé tobolky 150mg cps dur 56",2019-06-29
"Pregabalin belupo 300 mg tvrdé tobolky 300mg cps dur 56",2019-06-29
"Prelica 75 mg 75mg cps dur 98",2019-06-29
"Prelica 150 mg 150mg cps dur 98",2019-06-29
"Siranalen 150mg cps dur 56 ii",2019-06-29
"Siranalen 75mg cps dur 14 ii",2019-06-29
"Siranalen 75mg cps dur 56 ii",2019-06-29
"Siranalen 75mg cps dur 14 i",2019-06-29
"Siranalen 75mg cps dur 56 i",2019-06-29
"Siranalen 150mg cps dur 56 i",2019-06-29
"Preglenix 75mg cps dur 84",2019-06-29
"Preglenix 150mg cps dur 84",2019-06-29
"Preglenix 75mg cps dur 84",2019-06-28
"Preglenix 150mg cps dur 84",2019-06-28
"Pregabalin mylan 75mg cps dur 14",2019-06-28
"Pregabalin mylan 75mg cps dur 56",2019-06-28
"Pregabalin mylan 150mg cps dur 56",2019-06-28
"Pregabalin mylan 300mg cps dur 56",2019-06-28
"Pregabalin accord 75mg cps dur 56",2019-06-28
"Pregabalin accord 150mg cps dur 56",2019-06-28
"Pregabalin accord 300mg cps dur 56",2019-06-28
"Pragiola 75mg cps dur 84",2019-06-28
"Pragiola 150mg cps dur 84",2019-06-28
"Pragiola 300mg cps dur 84",2019-06-28
"Naxalgan 75mg cps dur 60",2019-06-28
"Naxalgan 150mg cps dur 60",2019-06-28
"Naxalgan 300mg cps dur 60",2019-06-28
"Kartesada 75mg cps dur 30",2019-06-28
"Kartesada 75mg cps dur 56",2019-06-28
"Kartesada 75mg cps dur 100",2019-06-28
"Kartesada 75mg cps dur 112",2019-06-28
"Kartesada 150mg cps dur 21",2019-06-28
"Kartesada 150mg cps dur 56",2019-06-28
"Kartesada 150mg cps dur 100",2019-06-28
"Kartesada 150mg cps dur 112",2019-06-28
"Kartesada 300mg cps dur 30",2019-06-28
"Kartesada 300mg cps dur 14",2019-06-28
"Kartesada 300mg cps dur 21",2019-06-28
"Kartesada 300mg cps dur 56",2019-06-28
"Ricefan 250 mg 250mg film-coated tablets 10",2019-06-27
"Ricefan 250 mg 250mg film-coated tablets 14",2019-06-27
"Keytruda 25mg/ml inf cnc sol 1x4ml",2019-06-25
"Rxulti 3mg film-coated tablets 28",2019-06-18
"Valsamtrio 5mg/160mg/12,5mg film-coated tablets 30",2019-06-13
"Valsamtrio 5mg/160mg/12,5mg film-coated tablets 30x1",2019-06-13
"Valsamtrio 10mg/160mg/12,5mg film-coated tablets 30",2019-06-13
"Valsamtrio 10mg/160mg/12,5mg film-coated tablets 30x1",2019-06-13
"Valsamtrio 5mg/160mg/25mg film-coated tablets 30",2019-06-13
"Valsamtrio 5mg/160mg/25mg film-coated tablets 30x1",2019-06-13
"Valsamtrio 10mg/160mg/25mg film-coated tablets 30",2019-06-13
"Valsamtrio 10mg/160mg/25mg film-coated tablets 30x1",2019-06-13
"Valsamtrio 10mg/320mg/25mg film-coated tablets 30",2019-06-13
"Valsamtrio 10mg/320mg/25mg film-coated tablets 30x1",2019-06-13
"Cyramza 10mg/ml inf cnc sol 2x10ml",2019-06-07
"Keytruda 25mg/ml inf cnc sol 1x4ml",2019-06-06
"Ciprinol 250mg film-coated tablets 10",2019-06-05
"Ciprinol 500mg film-coated tablets 10",2019-06-05
"Doxorubicin pharmagen 2 mg/ml 2mg/ml inf cnc sol 1x50ml",2019-06-05
"Methotrexate orion 2,5 mg tablety 2,5mg tbl nob 100",2019-06-04
"Methotrexate orion 10 mg tablety 10mg tbl nob 100",2019-06-04
"Rixathon 100mg inf cnc sol 2x10ml",2019-05-29
"Rixathon 500mg inf cnc sol 1x50ml",2019-05-29
"Hemlibra 30mg/ml inj sol 1x1ml",2019-05-28
"Hemlibra 150mg/ml inj sol 1x0,4ml",2019-05-28
"Hemlibra 150mg/ml inj sol 1x0,7ml",2019-05-28
"Hemlibra 150mg/ml inj sol 1x1ml",2019-05-28
"Everolimus teva 5mg tbl nob 30x1",2019-05-24
"Everolimus teva 10mg tbl nob 30x1",2019-05-24
"Febuxostat krka 80mg film-coated tablets 28",2019-05-24
"Febuxostat krka 120mg film-coated tablets 28",2019-05-24
"Diphereline s.r. 3mg inj plq sus pro 1+1x2ml amp",2019-05-22
"Lenvima 4mg cps dur 30",2019-05-22
"Euvascor 10mg/5mg cps dur 30",2019-05-22
"Euvascor 20mg/5mg cps dur 30",2019-05-22
"Euvascor 40mg/5mg cps dur 30",2019-05-22
"Euvascor 10mg/10mg cps dur 30",2019-05-22
"Euvascor 20mg/10mg cps dur 30",2019-05-22
"Euvascor 40mg/10mg cps dur 30",2019-05-22
"Suliqua 100u/ml+50mcg/ml inj sol 5x3ml",2019-05-22
"Suliqua 100u/ml+33mcg/ml inj sol 5x3ml",2019-05-22
"Diphereline s.r. 22,5mg inj plq sus pro 1+1x2ml amp",2019-05-22
"Opdivo 10mg/ml inf cnc sol 1x24ml",2019-05-21
"Ryzodeg 100u/ml inj sol pep 5x3ml",2019-05-17
"Ryzodeg 100u/ml inj sol zvl 5x3ml",2019-05-17
"Telmisartan/hydrochlorothiazid xantis 80mg/25mg tbl nob 28",2019-05-14
"Telmisartan/hydrochlorothiazid xantis 40mg/12,5mg tbl nob 28",2019-05-14
"Telmisartan/hydrochlorothiazid xantis 80mg/12,5mg tbl nob 28",2019-05-14
"Telmisartan/hydrochlorothiazid xantis 80mg/12,5mg tbl nob 98",2019-05-14
"Victoza 6mg/ml inj sol 2x3ml",2019-05-13
"Urikostad 80mg film-coated tablets 28",2019-05-13
"Urikostad 80mg film-coated tablets 84",2019-05-13
"Ozempic 0,25mg inj sol 1x1,5ml+4j",2019-05-10
"Ozempic 0,5mg inj sol 1x1,5ml+4j",2019-05-10
"Verzenios 50mg film-coated tablets 28",2019-05-09
"Verzenios 100mg film-coated tablets 28",2019-05-09
"Verzenios 150mg film-coated tablets 28",2019-05-09
"Febuxostat accord 80mg film-coated tablets 28",2019-05-09
"Gammanorm 165mg/ml inj sol 10x10ml",2019-05-09
"Gammanorm 165mg/ml inj sol 10x20ml",2019-05-09
"Gammanorm 165mg/ml inj sol 20x10ml",2019-05-09
"Gammanorm 165mg/ml inj sol 20x20ml",2019-05-09
"Gammanorm 165mg/ml inj sol 10x6ml",2019-05-09
"Gammanorm 165mg/ml inj sol 20x6ml",2019-05-09
"Gammanorm 165mg/ml inj sol 20x12ml",2019-05-09
"Gammanorm 165mg/ml inj sol 10x12ml",2019-05-09
"Gammanorm 165mg/ml inj sol 1x12ml",2019-05-09
"Gammanorm 165mg/ml inj sol 1x24ml",2019-05-09
"Gammanorm 165mg/ml inj sol 10x24ml",2019-05-09
"Gammanorm 165mg/ml inj sol 20x24ml",2019-05-09
"Gammanorm 165mg/ml inj sol 20x48ml",2019-05-09
"Gammanorm 165mg/ml inj sol 10x48ml",2019-05-09
"Gammanorm 165mg/ml inj sol 1x48ml",2019-05-09
"Panzyga 100mg/ml inf sol 1x10ml",2019-05-09
"Panzyga 100mg/ml inf sol 1x25ml",2019-05-09
"Panzyga 100mg/ml inf sol 1x50ml",2019-05-09
"Panzyga 100mg/ml inf sol 1x60ml",2019-05-09
"Panzyga 100mg/ml inf sol 1x100ml",2019-05-09
"Panzyga 100mg/ml inf sol 1x200ml",2019-05-09
"Panzyga 100mg/ml inf sol 3x200ml",2019-05-09
"Cisatracurium kabi 2mg/ml inj/inf sol 5x2,5ml",2019-05-07
"Cisatracurium kabi 2mg/ml inj/inf sol 5x5ml",2019-05-07
"Cisatracurium kabi 2mg/ml inj/inf sol 5x10ml",2019-05-07
"Skyrizi 75mg inj sol 2x0,83ml",2019-05-06
"Entresto 24mg/26mg film-coated tablets 28",2019-04-30
"Entresto 49mg/51mg film-coated tablets 28",2019-04-30
"Entresto 49mg/51mg film-coated tablets 56",2019-04-30
"Entresto 97mg/103mg film-coated tablets 56",2019-04-30
"Ferinject 50mg/ml inj/inf sol 1x10ml",2019-04-27
"Febuxostat mylan 80mg film-coated tablets 28 kal i",2019-04-26
"Rectodelt 30 mg 30mg sup 4",2019-04-26
"Isoprinosine 500mg tbl nob 50",2019-04-24
"Isoprinosine 500mg tbl nob 100",2019-04-24
"Pifeltro 100mg film-coated tablets 30",2019-04-18
"Delstrigo 100mg/300mg/245mg film-coated tablets 30",2019-04-18
"Alegriten 0,5mg cps dur 100",2019-04-16
"Tebofortan 240mg film-coated tablets 30",2019-04-12
"Jinarc 15mg tbl nob 7 i",2019-04-09
"Jinarc 30mg tbl nob 7 i",2019-04-09
"Jinarc 15mg+45mg tbl nob 56(28x15mg+28x45mg) i",2019-04-09
"Jinarc 30mg+90mg tbl nob 56(28x30mg+28x90mg) i",2019-04-09
"Jinarc 30mg+60mg tbl nob 56(28x30mg+28x60mg) i",2019-04-09
"Erleada 60mg film-coated tablets 112",2019-04-08
"Praluent 75mg inj sol 2x1ml",2019-04-08
"Sinepar 200mg/50mg tbl pro 100",2019-04-05
"Venclyxto 10mg film-coated tablets 14",2019-04-04
"Venclyxto 50mg film-coated tablets 7",2019-04-04
"Venclyxto 100mg film-coated tablets 7",2019-04-04
"Venclyxto 100mg film-coated tablets 14",2019-04-04
"Venclyxto 100mg film-coated tablets 112(4x28)",2019-04-04
"Fampyra 10mg tbl pro 28(2x14)",2019-03-31
"Fampyra 10mg tbl pro 56(4x14)",2019-03-31
"Imfinzi 50mg/ml inf cnc sol 1x10ml",2019-03-29
"Imfinzi 50mg/ml inf cnc sol 1x2,4ml",2019-03-29
"Kyprolis 60mg inf plv sol 1",2019-03-29
"Kyprolis 10mg inf plv sol 1",2019-03-29
"Kyprolis 30mg inf plv sol 1",2019-03-29
"Revlimid 5mg cps dur 21",2019-03-28
"Revlimid 10mg cps dur 21",2019-03-28
"Revlimid 15mg cps dur 21",2019-03-28
"Revlimid 25mg cps dur 21",2019-03-28
"Avastin 25mg/ml inf cnc sol 1x4ml",2019-03-27
"Avastin 25mg/ml inf cnc sol 1x16ml",2019-03-27
"Medorisper 0,5mg film-coated tablets 60",2019-03-25
"Dapril 5mg tbl nob 100",2019-03-25
"Alegriten 0,5mg cps dur 100",2019-03-20
"Trund 1000mg film-coated tablets 50",2019-03-18
"Levetiracetam ucb 100mg/ml por sol 1x300ml iii",2019-03-18
"Epiletam 250mg film-coated tablets 5x10",2019-03-18
"Epiletam 250mg film-coated tablets 6x10",2019-03-18
"Epiletam 500mg film-coated tablets 5x10",2019-03-18
"Epiletam 500mg film-coated tablets 10x10",2019-03-18
"Epiletam 500mg film-coated tablets 12x10",2019-03-18
"Epiletam 750mg film-coated tablets 5x10",2019-03-18
"Epiletam 1000mg film-coated tablets 5x10",2019-03-18
"Injexate 50mg/ml inj sol isp 4x0,5ml i",2019-03-15
"Keytruda 25mg/ml inf cnc sol 1x4ml",2019-03-14
"Prolia 60mg inj sol 1x1ml i",2019-03-12
"Crysvita 10mg/ml inj sol 1x1ml",2019-03-11
"Crysvita 20mg/ml inj sol 1x1ml",2019-03-11
"Crysvita 30mg/ml inj sol 1x1ml",2019-03-11
"Ipertrofan 40 40mg tbl ent 30",2019-03-10
"Jivi 500iu inj pso lqf 1+1x2,5ml isp+ad",2019-03-06
"Jivi 1000iu inj pso lqf 1+1x2,5ml isp+ad",2019-03-06
"Jivi 2000iu inj pso lqf 1+1x2,5ml isp+ad",2019-03-06
"Jivi 3000iu inj pso lqf 1+1x2,5ml isp+ad",2019-03-06
"Xermelo 250mg film-coated tablets 90",2019-03-04
"Ogivri 150mg inf plv csl 1",2019-03-01
"Lixiana 30mg film-coated tablets 30",2019-03-01
"Lixiana 30mg film-coated tablets 100",2019-03-01
"Lixiana 60mg film-coated tablets 30",2019-03-01
"Lixiana 60mg film-coated tablets 100",2019-03-01
"Aldara 5% crm 12x250mg",2019-03-01
"Bikalard 150mg film-coated tablets 90 i",2019-03-01
"Briviact 10mg/ml por sol 1x300ml",2019-02-22
"Hyrimoz 40mg inj sol 2x0,8ml",2019-02-22
"Capecitabine pharmagen 150mg film-coated tablets 60 i",2019-02-22
"Capecitabine pharmagen 150mg film-coated tablets 60 ii",2019-02-22
"Capecitabine pharmagen 500mg film-coated tablets 120 i",2019-02-22
"Capecitabine pharmagen 500mg film-coated tablets 120 ii",2019-02-22
"Capecitabine mylan 150mg film-coated tablets 60 i",2019-02-22
"Capecitabine mylan 150mg film-coated tablets 60 ii",2019-02-22
"Capecitabine mylan 500mg film-coated tablets 120 i",2019-02-22
"Capecitabine mylan 500mg film-coated tablets 120 ii",2019-02-22
"Capecitabine glenmark 500mg film-coated tablets 60 ii",2019-02-22
"Anagrelid sandoz 0,5mg cps dur 100",2019-02-22
"Anagrelid leram 0,5mg cps dur 100",2019-02-22
"Escitil 10 mg 10mg film-coated tablets 56",2019-02-22
"Escitil 20 mg 20mg film-coated tablets 28",2019-02-22
"Egolanza 7,5mg film-coated tablets 56",2019-02-15
"Egolanza 10mg film-coated tablets 56",2019-02-15
"Egolanza 5mg film-coated tablets 56",2019-02-15
"Gilenya 0,5mg cps dur 28",2019-02-12
"Apo-gab 100mg cps dur 60",2019-02-08
"Apo-gab 100mg cps dur 90",2019-02-08
"Apo-gab 300mg cps dur 60",2019-02-08
"Apo-gab 300mg cps dur 90",2019-02-08
"Apo-gab 400mg cps dur 60",2019-02-08
"Apo-gab 400mg cps dur 90",2019-02-08
"Apo-gab 600mg film-coated tablets 60",2019-02-08
"Apo-gab 800mg film-coated tablets 60",2019-02-08
"Lyxumia 10mcg inj sol 1x3ml",2019-02-08
"Lyxumia 20mcg inj sol 2x3ml",2019-02-08
"Lyxumia 10mcg+20mcg inj sol 1x3ml+1x3ml",2019-02-08
"Hulio 40mg inj sol 2x0,8ml",2019-02-05
"Apo-gab 100mg cps dur 60",2019-02-05
"Apo-gab 100mg cps dur 90",2019-02-05
"Apo-gab 300mg cps dur 60",2019-02-05
"Apo-gab 300mg cps dur 90",2019-02-05
"Apo-gab 400mg cps dur 60",2019-02-05
"Apo-gab 400mg cps dur 90",2019-02-05
"Apo-gab 600mg film-coated tablets 60",2019-02-05
"Apo-gab 800mg film-coated tablets 60",2019-02-05
"Kanjinti 150mg inf plv csl 1",2019-02-04
"Kanjinti 420mg inf plv csl 1",2019-02-04
"Rosemig sprintab 50 mg 50mg tbl sus 6 i",2019-02-02
"Rosemig 50 mg 50mg film-coated tablets 6 i",2019-02-02
"Kanjinti 150mg inf plv csl 1",2019-02-01
"Kanjinti 420mg inf plv csl 1",2019-02-01
"Herzuma 150mg inf plv csl 1",2019-02-01
"Ontruzant 150mg inf plv csl 1",2019-02-01
"Omeprazol galmed 20 mg 20mg cps etd 14",2019-02-01
"Omeprazol galmed 20 mg 20mg cps etd 14 i",2019-02-01
"Omeprazol galmed 20 mg 20mg cps etd 14 ii",2019-02-01
"Rosuvastatin aurovitas 10mg film-coated tablets 30",2019-01-31
"Rosuvastatin aurovitas 10mg film-coated tablets 100",2019-01-31
"Rosuvastatin aurovitas 20mg film-coated tablets 100",2019-01-31
"Rosuvastatin aurovitas 20mg film-coated tablets 30",2019-01-31
"Rosuvastatin aurovitas 40mg film-coated tablets 30",2019-01-31
"Rosuvastatin aurovitas 40mg film-coated tablets 100",2019-01-31
"Adcetris 50mg inf plv csl 1",2019-01-31
"Tysabri 300mg inf cnc sol 1x15ml",2019-01-31
"Lemtrada 12mg inf cnc sol 1x1,2ml",2019-01-31
"Cabometyx 20mg film-coated tablets 30",2019-01-31
"Cabometyx 40mg film-coated tablets 30",2019-01-31
"Cabometyx 60mg film-coated tablets 30",2019-01-31
"Repatha 140mg inj sol 2x1ml",2019-01-31
"Egiramlon 10mg/10mg cps dur 30",2019-01-31
"Egiramlon 5mg/5mg cps dur 100",2019-01-31
"Egiramlon 5mg/10mg cps dur 100",2019-01-31
"Egiramlon 10mg/5mg cps dur 100",2019-01-31
"Egiramlon 10mg/10mg cps dur 100",2019-01-31
"Apo-anastrozol 1 mg 1mg film-coated tablets 30",2019-01-31
"Apo-bicalutamid 150 mg 150mg film-coated tablets 30",2019-01-31
"Benzetacil 1.200.000 iu 1200000iu inj psu lqf 1+1amp",2019-01-30
"Benzetacil 2.400.000 iu 2400000iu inj psu lqf 1+1amp",2019-01-30
"Benzetacil 6.3.3. 0,6miu/0,3miu/0,3miu inj psu lqf 1+1amp",2019-01-30
"Benzetacil 6.3.3. 0,6miu/0,3miu/0,3miu inj psu lqf 1+1amp",2019-01-30
"Quamatel 40mg film-coated tablets 28",2019-01-30
"Sumamigren 50 mg 50mg film-coated tablets 6",2019-01-29
"Sumamigren 100 mg 100mg film-coated tablets 6",2019-01-29
"Xaloptic 0,005%(0,05mg/ml) oph gtt sol 1x2,5ml",2019-01-29
"Xaloptic 0,005%(0,05mg/ml) oph gtt sol 3x2,5ml",2019-01-29
"Glukóza 5 braun 50mg/ml inf sol 20x100ml",2019-01-29
"Glukóza 40 braun 400mg/ml inf sol 20x10ml",2019-01-29
"Vizilatan 50mcg/ml oph gtt sol 1x2,5ml",2019-01-25
"Vizilatan 50mcg/ml oph gtt sol 3x2,5ml",2019-01-25
"Xultophy 100u/ml+3,6mg/ml inj sol 3x3ml",2019-01-22
"Prevymis 240mg film-coated tablets 28x1",2019-01-21
"Prevymis 240mg inf cnc sol 1x12ml",2019-01-21
"Lentocilin s 2400 2,4miu inj psu lqf 1+1",2019-01-17
"Cimzia 200mg inj sol 2x1ml i",2019-01-11
"Ardeanutrisol g 5% 5% inf sol 1x80ml",2019-01-11
"Ardeanutrisol g 5% 5% inf sol 1x500ml",2019-01-11
"Ardeanutrisol g 10% 10% inf sol 1x80ml",2019-01-11
"Ardeanutrisol g 10% 10% inf sol 1x500ml",2019-01-11
"Ardeanutrisol g 20% 20% inf sol 1x80ml",2019-01-11
"Ardeanutrisol g 20% 20% inf sol 1x500ml",2019-01-11
"Ardeanutrisol g 40% 40% inf sol 1x80ml",2019-01-11
"Ardeanutrisol g 40% 40% inf sol 1x500ml",2019-01-11
"Ardeanutrisol g 5% 5% inf sol 1x250ml",2019-01-11
"Ardeanutrisol g 10% 10% inf sol 1x250ml",2019-01-11
"Ardeanutrisol g 20% 20% inf sol 1x250ml",2019-01-11
"Ardeanutrisol g 10% 10% inf sol 20x80ml",2019-01-11
"Ardeanutrisol g 10% 10% inf sol 10x500ml",2019-01-11
"Ardeanutrisol g 10% 10% inf sol 10x250ml",2019-01-11
"Ardeanutrisol g 20% 20% inf sol 20x80ml",2019-01-11
"Ardeanutrisol g 20% 20% inf sol 10x250ml",2019-01-11
"Ardeanutrisol g 20% 20% inf sol 10x500ml",2019-01-11
"Ardeanutrisol g 40% 40% inf sol 20x80ml",2019-01-11
"Ardeanutrisol g 40% 40% inf sol 10x500ml",2019-01-11
"Ardeanutrisol g 5% 5% inf sol 20x80ml",2019-01-11
"Ardeanutrisol g 5% 5% inf sol 10x500ml",2019-01-11
"Ardeanutrisol g 5% 5% inf sol 10x250ml",2019-01-11
"Pergoveris (300iu+150iu)/0,48ml inj sol 1x0,48ml+5j",2019-01-02
"Pergoveris (450iu+225iu)/0,72ml inj sol 1x0,72ml+7j",2019-01-02
"Pergoveris (900iu+450iu)/1,44ml inj sol 1x1,44ml+14j",2019-01-02
"Temozolomide accord 5mg cps dur 5",2018-12-30
"Sodium chloride fresenius kabi 0,9% 9mg/ml inf sol 1x500ml ii",2018-12-27
"Sodium chloride fresenius kabi 0,9% 9mg/ml inf sol 1x1000ml ii",2018-12-27
"Sodium chloride fresenius kabi 0,9% 9mg/ml inf sol 1x100ml ii",2018-12-27
"Sodium chloride fresenius kabi 0,9% 9mg/ml inf sol 1x250ml ii",2018-12-27
"Glucose fresenius kabi 10% 100mg/ml inf sol 1x1000ml ii",2018-12-27
"Glucose fresenius kabi 10% 100mg/ml inf sol 1x500ml ii",2018-12-27
"Glucose fresenius kabi 5% 50mg/ml inf sol 1x250ml ii",2018-12-27
"Glucose fresenius kabi 5% 50mg/ml inf sol 1x500ml ii",2018-12-27
"Glucose fresenius kabi 5% 50mg/ml inf sol 1x100ml ii",2018-12-27
"Grimodin 300mg cps dur 50",2018-12-27
"Grimodin 400mg cps dur 50",2018-12-27
"Grimodin 600mg film-coated tablets 120",2018-12-27
"Water for injection fresenius kabi 100% par lqf 1x500ml ii",2018-12-27
"Water for injection fresenius kabi 100% par lqf 1x250ml ii",2018-12-27
"Imbruvica 140mg cps dur 90",2018-12-21
"Adcetris 50mg inf plv csl 1",2018-12-21
"Osteogenon 830mg film-coated tablets 40",2018-12-19
"Alecensa 150mg cps dur 240",2018-12-17
"Humira 40mg inj sol 2x0,8ml",2018-12-17
"Exviera 250mg film-coated tablets 56(4x14)",2018-12-17
"Viekirax 12,5mg/75mg/50mg film-coated tablets 56(4x14)",2018-12-17
"Levetiracetam ucb 100mg/ml inf cnc sol 10x5ml",2018-12-16
"Temozolomide glenmark 20mg cps dur 5",2018-12-14
"Temozolomide glenmark 100mg cps dur 5",2018-12-14
"Temozolomide glenmark 140mg cps dur 5",2018-12-14
"Temozolomide glenmark 180mg cps dur 5",2018-12-14
"Temozolomide glenmark 250mg cps dur 5",2018-12-14
"Gazyvaro 1000mg inf cnc sol 1x40ml",2018-12-12
"Steglatro 5mg film-coated tablets 28",2018-12-12
"Steglatro 5mg film-coated tablets 98",2018-12-12
"Segluromet 2,5mg/1000mg film-coated tablets 56",2018-12-12
"Segluromet 2,5mg/1000mg film-coated tablets 196(4x49)",2018-12-12
"Mesalazin espl 1600mg tbl ret 60",2018-12-12
"Asacol 1600mg tbl ret 60",2018-12-12
"Nivestim 30mu/0,5ml inj/inf sol 5x0,5ml",2018-12-09
"Toviaz 4mg tbl pro 28",2018-12-05
"Toviaz 8mg tbl pro 28",2018-12-05
"Toviaz 8mg tbl pro 84",2018-12-05
"Toviaz 4mg tbl pro 84",2018-12-05
"Dymistin 137mcg/50mcg nas spr sus 1x23g",2018-12-04
